t,p_x,p_y,p_z,v_x,v_y,v_z,q_w,q_x,q_y,q_z,w_x,w_y,w_z,u_1,u_2,u_3,u_4
0,-4.207874301029638,-5.960057961109018,-3.5553824008075914,-0.5332859001838541,4.123044495143879,-1.643645291348721,0.49503509299110965,-0.25978684650057826,-0.48668507647614434,0.6712590315429503,-0.44013919856525446,-0.313089485404017,0.20218596233329436,4.178997587076672,4.178998890362887,4.178949228690077,4.178998969390971
0.0187767615107956,-4.217887683194461,-5.882640537925303,-3.5862447364515884,-0.2665697980126633,4.200942412517961,-1.5637447167104692,0.4912496551924376,-0.260779328972641,-0.49041364099107815,0.6709414121842286,-0.43893579481851236,-0.31477601635846253,0.2021853594908439,4.178997263109829,4.178998930773705,4.17892225495607,4.178998957235902
0.0375535230215912,-4.222893000717726,-5.803760444124866,-3.6156067980610276,-0.0024994371265922243,4.279747142539853,-1.4821328088397119,0.4874450001452777,-0.261747989770245,-0.4941280272348441,0.6706137892897903,-0.4377178697715493,-0.31646631841024125,0.20218442322847271,4.178996859503551,4.17899896607633,4.178872506087274,4.178998942375018
0.056330284532386796,-4.222939932052563,-5.723400652702887,-3.6434364523399365,0.25891454340304715,4.359452893585165,-1.398826629289077,0.4836212118183521,-0.26269275690659594,-0.4978279964351422,0.6702763049023438,-0.43647847975600707,-0.3181673106091973,0.20218287018782224,4.178996348834443,4.178998996605607,4.178770067593863,4.178998924964176
0.0751070460431824,-4.218078355419407,-5.641544245402491,-3.6697018863530477,0.517661065220034,4.440053454629113,-1.3138433104309344,0.4797783613773383,-0.26361348418281494,-0.5015132984154642,0.6699291503013766,-0.4352015298519276,-0.3198950270085659,0.20218004382205718,4.178995690756926,4.178999022663501,4.178522655071024,4.1789989051543746
0.093883807553978,-4.208358357054347,-5.5581744205897365,-3.6943716088555636,0.7737276117064504,4.521541730876541,-1.2271996876842994,0.4759164888252985,-0.2645098517450392,-0.5051836554749392,0.6695726310378946,-0.433842699286314,-0.3216936290524255,0.20217413577273094,4.178994824011747,4.178999044513079,4.177752974331584,4.178998883101759
0.1126605690647736,-4.1938302582150175,-5.473274509847957,-3.7174144447173347,1.0270957047753644,4.603907521568746,-1.1389105668349024,0.4720355459512623,-0.2653810597227096,-0.5088387122475595,0.6692073680237003,-0.43224231320584294,-0.32372233036062154,0.20215862734360202,4.1789936520324655,4.178999062375744,4.173907370367951,4.1789988589775175
0.1314373305755692,-4.174544727117688,-5.386828036297702,-3.7387994968129186,1.2777066194738722,4.687120022776864,-1.0489752482369392,0.46813516116175974,-0.26622457738997535,-0.5124778292949678,0.6688351215050854,-0.4294603393600963,-0.32691953787658784,0.2020951147118294,4.1789920141625005,4.178999076450159,4.056556278628571,4.178998832981268
0.1502140920863648,-4.150553534643063,-5.298819101457545,-3.7584958548797913,1.5237678131280996,4.77024407091558,-0.9567055916646818,0.4642130334930287,-0.2670276889201577,-0.5160986771552628,0.668464380744234,-0.3908310379230531,-0.36594226334192453,0.20056631217841742,4.1789896217768,4.17899908691602,3.813300991271177,4.178998805341949
0.1689908535971604,-4.1219421098181295,-5.2092493661896775,-3.7764596876105236,1.763305564214163,4.852220658326875,-0.8614047953459938,0.4601947819569482,-0.2674023902822268,-0.5196360093953489,0.6683525582269658,-0.2777808124650719,-0.47909200023904075,0.1960001206080444,4.17898593033116,4.178999093797986,4.159433943567458,4.178998776227989
0.187767615107956,-4.088832941768221,-5.118140376090517,-3.792634080016991,2.0054376908106306,4.9381576319993075,-0.7668650404752506,0.4559233646273949,-0.26654849669436154,-0.5229489162612235,0.6690367818607263,-0.2700470436540002,-0.48609293360010886,0.19575597985266294,4.17897981963064,4.178999097155478,4.166732092971709,4.178998745542613
0.2065443766187516,-4.051177316523109,-5.025417767931751,-3.8070333219929613,2.2442679413815476,5.025761898723023,-0.6715531466648357,0.4516245459661485,-0.2656081919387102,-0.5262278607816796,0.6697550271502819,-0.2645202870803548,-0.4908373519196691,0.19560304365495576,4.178968622501634,4.178999096984516,4.168866829609407,4.178998713160138
0.2253211381295472,-4.0090372326214645,-4.931050235349386,-3.8196429152697116,2.479684441584324,5.114996085096606,-0.5754831172430299,0.44730316549974436,-0.26460571152368634,-0.529476394659434,0.670491195366338,-0.2596328255808152,-0.4949122102566057,0.19547690235659718,4.178944670934833,4.178999093230144,4.169762172042882,4.178998678935872
0.2440978996403428,-3.9624767892398047,-4.835007173730874,-3.830448624515673,2.71164823208165,5.205843601678963,-0.47868224094865214,0.4429606720470875,-0.2635482702424132,-0.5326952613379317,0.6712405759671813,-0.25501230893559945,-0.4987023904122059,0.1953622394849682,4.178877800445383,4.178999085784122,4.170370437986888,4.178998642708592
0.2628746611511384,-3.9115608170848373,-4.737258289959647,-3.8394367267934193,2.9401382038137975,5.298291813952863,-0.38118024942797546,0.43859766594109784,-0.2624389970535941,-0.5358845652316293,0.6720011852733504,-0.2505851330323318,-0.5023097202851837,0.19525600637636614,4.178543166319729,4.178999074479742,4.171084582800395,4.178998604299689
0.281651422661934,-3.8563545432230466,-4.637773528154454,-3.8465940574295536,3.165137362872736,5.392327586210226,-0.2830065968600527,0.434214460150324,-0.2612800462413631,-0.5390444011020432,0.6727716356079301,-0.2464660056140367,-0.5057844019649782,0.19516286855621442,3.980153056158152,4.178999059129632,4.1720026847372225,4.178998563511769
0.3004281841727296,-3.7969235138114765,-4.5365230790801,-3.851908004804777,3.383587117143593,5.486086281042593,-0.1831418342846815,0.4298108168110539,-0.2600737349582826,-0.5421757966084281,0.6735500870113837,-0.30319878340612094,-0.569546554852355,0.19755840165763314,4.178390132760766,4.178999039384799,4.171455335441327,4.178998520137315
0.3192049456835252,-3.7333907054618707,-4.433512145353315,-3.85534681534979,3.60159135579385,5.583272634899766,-0.08372041606604239,0.42491362989150505,-0.25869606914504345,-0.5458980103731584,0.6741810685662193,-0.29896849107244633,-0.5731607180201183,0.19747180350549037,4.178857246579053,4.178999014711541,4.168178544351387,4.1789984738020385
0.3379817071943208,-3.6657644835147867,-4.32867636663805,-3.8569188136358465,3.8159433037070873,5.68229243786336,0.016687894749739033,0.41999166067991545,-0.2572678089729727,-0.5495861307546315,0.6748150593369616,-0.2935824354732748,-0.5776166863582168,0.1973384566404916,4.178937893929895,4.1789989845489695,4.163778580263398,4.178998424347005
0.3567584687051164,-3.594113426162361,-4.2219813166976925,-3.856605469016013,4.026599156790943,5.783107557905531,0.11805867170276381,0.4150436065184999,-0.255779012525422,-0.5532358429863938,0.6754598459415768,-0.28681304294191806,-0.5833709359451207,0.1971491621719429,4.1789653348491305,4.178998948140652,4.158225470622307,4.178998371485187
0.375535230215912,-3.518506934095727,-4.113393285291621,-3.8543887094931693,4.233516104614865,5.885685654888909,0.22035937063558922,0.4100662901528217,-0.2542159935742908,-0.5568430679106383,0.6761254794949818,-0.27832024645622117,-0.5907864569690162,0.19689018569441052,4.178977839065562,4.178998904537182,4.150657401899345,4.1789983148935015
0.3943119917267076,-3.439015211847261,-4.002879169422261,-3.850251074144076,4.436633505214719,5.989990885400224,0.32355387584365736,0.405055374250571,-0.25256147285143576,-0.5604028083977799,0.6768245995630257,-0.26748795811911985,-0.6004764359436725,0.196536553878916,4.178984562113702,4.178998852540776,4.138091575477388,4.1789982542015816
0.4130887532375032,-3.355709602609039,-3.890406539115262,-3.8441757801814656,4.6358394852859375,6.095962484846829,0.4276103182648492,0.4000047021495286,-0.25079191008666796,-0.5639082887027618,0.6775744225009321,-0.2527844934296379,-0.6139597944339449,0.19602593423244757,4.178988585079501,4.178998790628513,4.121262861290693,4.178998188974772
0.4318655147482988,-3.2686635501914965,-3.775944105358536,-3.836146643215851,4.831024720335774,6.2035547327238865,0.5324799811623944,0.3949037702725807,-0.24886815844806545,-0.5673484635835437,0.6784035472313119,-0.2328968601804108,-0.6325242701207191,0.19530513179108355,4.178991180150883,4.178998716835397,4.136357525903054,4.178998118685642
0.4506422762590944,-3.1779525511649926,-3.659461437623012,-3.826148393600292,5.022597811134608,6.313125339543493,0.6379355572319638,0.38973810525471686,-0.24673794248569486,-0.5707081868877224,0.6793502502195679,-0.21755819698479928,-0.6464020224102001,0.19477277722006772,4.178992949704621,4.1789986286064735,4.162310132696241,4.178998042670645
0.46941903776989,-3.083644429900674,-3.5409213887346436,-3.8141700297828907,5.210619011672703,6.424835905299022,0.7438255682783087,0.3845199134849592,-0.24444941634731204,-0.5739970522139857,0.6803795286695704,-0.21009983734148363,-0.6522954819506512,0.1945644591350164,4.178994208510735,4.178998522580884,4.172283985940491,4.178997960123574
0.4881957992806856,-2.9858058793948783,-3.4202837771948476,-3.800203394481697,5.394775212314319,6.538529965056676,0.8501371426708414,0.37927128621486317,-0.24208431244589368,-0.5772344660165202,0.6814314700419957,-0.20566784980043787,-0.6551146351810546,0.19448066460635902,4.178995134092126,4.1789983942651725,4.175780664000522,4.178997870108411
0.5069725607914812,-2.884509471828901,-3.2975113594097873,-3.784240572102297,5.574937202481098,6.654113883549069,0.9568534087531354,0.37400099587649377,-0.23967409102508827,-0.5804278895770257,0.682483003580312,-0.2022940976627605,-0.6568491259762198,0.19444052043148638,4.178995832780779,4.1789982375453745,4.1772066950911775,4.1789977715520905
0.5257493223022768,-2.779830205540251,-3.1725686499527126,-3.766273963845348,5.751057482704912,6.771527391897931,1.0639532468370656,0.36871229971047453,-0.23722992371891438,-0.5835797996165194,0.6835260205830974,-0.19934974994301763,-0.6581353786888269,0.19441817446205417,4.17899637138371,4.178998043932072,4.177879564538048,4.178997663227076
0.5445260838130723,-2.6718439707526245,-3.0454212950512254,-3.746296367470852,5.923114068295173,6.890719533103471,1.1714150946636155,0.36340666962735163,-0.2347565154508813,-0.5866910632018105,0.6845572052669637,-0.19660626931501768,-0.6592050638413552,0.1944042246478602,4.178996793534485,4.178997801357086,4.1782349429160375,4.1789975437292854
0.5633028453238679,-2.5606270704910075,-2.9160358977403606,-3.724300985608207,6.091094165533395,7.011641985276919,1.2792176154765265,0.3580849216482351,-0.23225622594500148,-0.5897619597058076,0.6855749888101138,-0.19396741360701925,-0.660155919133871,0.19439470854787802,4.178997128649298,4.178997492188376,4.178438859643659,4.178997411453053
0.5820796068346634,-2.4462560480049884,-2.784379968383735,-3.7002814215219955,6.254989010149795,7.1342471676966985,1.3873397016423523,0.3527475930422031,-0.22973042980559383,-0.5927925211714477,0.6865785403488242,-0.19138731969035908,-0.6610345989815257,0.19438773668792744,4.178997397073583,4.178997089821744,4.17856272822566,4.178997264564548
0.600856368345459,-2.3288076111087586,-2.650421910756825,-3.674231674809799,6.414791980669098,7.258487648620945,1.4957603905119148,0.347395087265707,-0.22718003389971148,-0.5957826625723881,0.6875673818028182,-0.18884177142275393,-0.6618657600947855,0.19438231135712133,4.178997613158485,4.178996552547853,4.17864023452261,4.178997100975945
0.6196331298562545,-2.2083585919463706,-2.5141310192496142,-3.646146138679862,6.570497812012091,7.384315945930276,1.604458792582716,0.34202773677725284,-0.22460569956844853,-0.5987322378993387,0.6885412219297344,-0.18631674525155167,-0.6626636622894557,0.19437785578017325,4.178997787158816,4.178995811881679,4.1786881554309545,4.178996918324356
0.6384098913670501,-2.0849859215230158,-2.3754774798125164,-3.6160195985776373,6.722102227747088,7.511684457263425,1.713414041569139,0.3366458328634479,-0.22200794736472335,-0.6016410664627408,0.6894998779319645,-0.18380327259006884,-0.663437363936021,0.19437400336488278,4.178997926430414,4.178994748795503,4.178714568232834,4.1789967139625315
0.6571866528778456,-1.9587666111414206,-2.234432372214131,-3.583847231749845,6.869601746176859,7.640545432662418,1.822605261695625,0.33124964056429407,-0.21938720929218938,-0.6045089456480247,0.6904432363754175,-0.18129478512020614,-0.6641933832607541,0.19437048973774884,4.178998036191801,4.178993141070625,4.178721720271891,4.178996484973117
0.6759634143886412,-1.8297777374793127,-2.09096767281263,-3.549624607422665,7.012993556118703,7.770850952261867,1.9320115478883024,0.32583940584461335,-0.21674385421206727,-0.6073356563833829,0.691371234392584,-0.1787853117200451,-0.664937456902797,0.1943670812599862,4.178998119998955,4.17899053347684,4.17870494007504,4.17899622822582
0.6947401758994367,-1.6980964299993253,-1.9450562577460704,-3.5133476873518634,7.152275393909707,7.902552871046666,2.0416119595269566,0.32041535743870725,-0.21407819557675278,-0.6101209631073089,0.6922838545517771,-0.1762672975332484,-0.6656765843694606,0.19436349156300875,4.178998180013864,4.17898586898296,4.178641744405963,4.17899594050819
0.7135169374102323,-1.5637998606683512,-1.7966719071599742,-3.4750128264902376,7.287445284627001,8.035602604028103,2.151385548684663,0.3149777020589687,-0.2113904787592424,-0.6128646060391659,0.6931811360388233,-0.17372597744210577,-0.6664242780208621,0.19435916667181755,4.178998217101778,4.178976214257445,4.178408161136546,4.178995618776992
0.7322936989210278,-1.426965238535938,-1.6457893134686103,-3.4346167731248136,7.418500209439088,8.169949759091203,2.2613116261101975,0.30952660158736883,-0.2086808165676485,-0.6155662722587806,0.6940632277853982,-0.17110779086091274,-0.6672309555860467,0.19435204120606012,4.178998231839435,4.17895006983052,3.365366746121743,4.178995259714917
0.7510704604318234,-1.2876698293355129,-1.492384115286973,-3.3921566640197534,7.535202913778736,8.294476578139047,2.3737353353780275,0.3040620426843498,-0.2059488286296116,-0.6182254489795868,0.6949306788584888,0.07980367885981934,-0.9163025071355615,0.18419315816892645,4.178998963421057,4.178874510043165,4.178501390116811,4.178996893321201
0.7826817070357824,-1.049472671817183,-1.2301853707246568,-3.317119930960587,7.742185951344104,8.52500109320403,2.559156475637261,0.293312843151301,-0.19727895673087362,-0.6210847147328884,0.6995015127923955,0.08545764395840862,-0.9160286039301121,0.18418527111967262,4.178998938411621,3.8909207908186203,4.178594674799512,4.178996525198074
0.8142929536397415,-0.8047325224555373,-0.9606994588683633,-3.2362218045110995,7.927865660744801,8.754426538010682,2.7424821047784884,0.2825195676842795,-0.18854245845190665,-0.6237436963142827,0.7039731788531964,0.2391009697614378,-0.7676343221475286,0.1902325508989,4.1789989004388035,0.0010366590626427416,4.178535941925164,4.178996041347334
0.8459042002437006,-0.5541228060106749,-0.6839611226990637,-3.149528526390003,8.022389904858322,8.894215613486171,2.94080971679916,0.27352426353357584,-0.18079353678721102,-0.6238909829735811,0.7094069464552009,2.391877972161943,1.381491269543976,0.27804970420882424,4.178998853293879,3.2650482430234353,4.178581343358194,4.178995359894524
0.8775154468476597,-0.30052506037508697,-0.402803879592369,-3.0565658652169456,8.168843260722273,9.11827640210724,3.117141375106314,0.2905847855401784,-0.188503520187404,-0.5897372874391663,0.729545637430538,2.8498176344673367,1.8721712538528659,0.297253447649252,4.178998791190522,4.178834214018591,4.178348252314491,4.178994371526522
0.9091266934516188,-0.0422977415913063,-0.1145637956422963,-2.9580291405090557,8.340334761475809,9.342113360380836,3.244825005685191,0.3126416373735168,-0.19948159418356054,-0.5465927323584003,0.7507986981183691,2.832642465449085,1.898702148881115,0.29724313910762473,4.178998706959848,4.178953489759446,4.177222725753303,4.178992888606847
0.9407379400555779,0.22135063731327773,0.18075205359484298,-2.8554561770676483,8.520988863262552,9.532675106770036,3.3227883989127256,0.33396034272106956,-0.2102761208835615,-0.5019245210218826,0.7696273238873944,2.815735132247266,1.9244314895880519,0.29720663357804494,4.178998591135103,4.178979476180387,4.159494028155519,4.1789905143779915
0.972349186659537,0.49070971757945947,0.4820917971903723,-2.7504186935768438,8.70714572733606,9.6855132149269,3.3546837634323214,0.35445165120968464,-0.22085775096306423,-0.4558600156735578,0.7859882485802656,2.8076880884657056,1.9408720497394274,0.29679685085623786,4.178998431001606,4.178988687582708,3.840142269113681,4.178986369387649
1.003960433263496,0.7659534483828849,0.7882629439133269,-2.644372957852684,8.889037207767347,9.791740942489602,3.349131804630844,0.37400191176714054,-0.23103964079775138,-0.40847208476428,0.7999336287185812,2.963686108656166,1.793016618751013,0.2896735444362399,4.178998206903075,4.178992878499045,3.913065150591385,4.178978244998457
1.035571679867455,1.04694699562939,1.0977920815284494,-2.538502726467337,9.07153434325205,9.855981331706818,3.3047504936608796,0.3921466277382359,-0.2377019322554468,-0.358802851282897,0.8130063515539203,3.083978379456123,1.6834495791925017,0.2840829306619074,4.178997888250233,4.178995082811547,3.3623391284920325,4.178959104976867
1.067182926471414,1.3337095048302146,1.4093519379290504,-2.4340354436476686,9.235167526025947,9.868571154529725,3.235783661409976,0.4089954495425849,-0.2414561037298219,-0.3071955537702895,0.8246529960952372,3.4886930402115164,1.2913148535836554,0.2669147993930147,4.178997422843383,4.178996367546452,2.7534561299796096,4.178898772246572
1.0987941730753732,1.625644662924295,1.7213097743236063,-2.331748288369776,9.373949077206774,9.830823449128681,3.148756035103068,0.4243637663184132,-0.23662012052110012,-0.25191981557063325,0.8369365082988625,4.21062973435782,0.5879196439363554,0.23694576145582608,4.178996710257298,4.178997176173602,4.17799591353269,4.178595268866891
1.1304054196793323,1.9219668788568325,2.0320743586939964,-2.2322121848484286,9.518399107731613,9.76105801254339,2.9970019815234346,0.43832620252273063,-0.21660864970289986,-0.1909588105662053,0.8511671784808379,4.206534021420399,0.6191495230449298,0.2369162745425002,4.178995555529532,4.178997709878251,4.178830388378703,3.825274143912654
1.1620166662832914,2.2228553403262397,2.340633570644056,-2.1374732161379373,9.615174250828609,9.645843853329138,2.819296012297519,0.4503902335912833,-0.19606671026069805,-0.12897493865839954,0.8614359801002045,4.020129832445307,0.8324182042366153,0.22947700997391876,4.178993527214183,4.178998075138746,4.178941224904124,3.000819913189479
1.1936279128872505,2.52680298470922,2.6455507193949264,-2.0483517546436425,9.65578399917695,9.485287984837893,2.6388655167137522,0.46044952871293165,-0.1788728790241079,-0.06745954301294331,0.8668563518335405,3.408407358006947,1.4672598358353397,0.20470886302218821,4.178989579708794,4.178998332291223,4.178972594402992,3.760847051742979
1.2252391594912095,2.8320343538617645,2.945392496993207,-1.9649339260401202,9.664419767252607,9.280772925070751,2.421384001583354,0.4680386780180012,-0.17408895052706538,-0.009486884935661646,0.8663387514118057,3.183946334163603,1.704273224425721,0.19591834760656332,4.1789806321656,4.178998518078786,4.17898451779841,3.920872244856885
1.2568504060951686,3.1375387104085624,3.2387692986029646,-1.8883909592431876,9.64266626727314,9.028517849870795,2.1969400465181894,0.47359924409150583,-0.17361784687318088,0.04718063545761369,0.8621685373991242,3.040684579724676,1.8566805341102883,0.19049223325857886,4.178953925533694,4.178998655295302,4.178990031636493,3.710467577932283
1.2884616526991277,3.442355411703011,3.5241720028234766,-1.818942945658587,9.590583338219428,8.731030108033675,1.9850263454925452,0.47720472647210344,-0.17573664547625395,0.10287391919939157,0.8548738136232749,2.7886100197133232,2.115838815816487,0.1806437760625871,4.178818087727405,4.1789987590869915,4.178992978741857,4.141086146341609
1.3200728993030868,3.745525706683286,3.80017074867512,-1.7561937883358678,9.515325790305942,8.38427488441064,1.773997035728075,0.4783358039687247,-0.18271841415605825,0.1567732116059749,0.8445300467672227,2.7569466918857146,2.151158150246382,0.17985047333800502,3.760371285166122,4.178998841337883,4.178994696887009,4.178297907469348
1.3516841459070459,4.0463170167576585,4.065208129641605,-1.7001155305647753,9.416576620982568,7.998788615397743,1.5950196565781507,0.47783552866687096,-0.18985298194261735,0.21003542549031703,0.8315733117592576,2.5291386676648435,1.9519706132129497,0.18863582192630962,1.956257946359629,4.178998911878045,4.178995766140417,4.178809016001622
1.383295392511005,4.343986742488614,4.318059809095883,-1.6496949708625213,9.290674404866996,7.603914741213365,1.4901786251894262,0.4758570485932859,-0.19553126838723522,0.258255340725462,0.8176990714032587,1.3746738579746405,0.8244187381180056,0.2353570664165622,3.7673926649322436,4.1789989770568745,4.178996464781165,4.178921532826869
1.414906639114964,4.637676542217955,4.558429033135858,-1.6025885668577096,9.152592992167627,7.146103415746079,1.364781554889675,0.4735432433806927,-0.194822471422619,0.28285724017946845,0.8110442546219909,1.1568915707666623,0.6230745927263712,0.24400795905570843,3.885894134222522,4.178999037653535,4.178996951291451,4.178959103136706
1.4465178857189231,4.927001416359033,4.7843262704684015,-1.5594461205655574,9.003984092598772,6.676580737170603,1.252336945011783,0.47108700348728577,-0.1930168244219516,0.30303476515082,0.8056000693554042,1.0013784817477018,0.4813300032655212,0.25016857428450473,3.98643215724955,4.178999094063303,4.1789973017071755,4.178975884054362
1.4781291323228822,5.211628577928298,4.995381310622344,-1.5198581885655413,8.846515213563308,6.199934795320577,1.1512144428741349,0.4685752494843709,-0.1904604424531218,0.32008057714189514,0.8010683363906856,0.8985608201454973,0.3902598306531707,0.25421609051452604,4.021116449649167,4.1789991463678176,4.178997558555211,4.1789845189638655
1.5097403789268413,5.4912779519299235,5.19136897836569,-1.4834668649178075,8.681436908876236,5.720498957428216,1.0612891713818506,0.466027523829286,-0.18743674081523182,0.33507032288182653,0.7971284049323452,0.8142491782771731,0.3163186718620037,0.2575346774389053,4.044445715540706,4.178999194757589,4.178997748010903,4.178989426099446
1.5413516255308004,5.765708994933123,5.372201081606644,-1.4499181912031445,8.509711726431167,5.240428358097063,0.9816337265480283,0.46347183918998075,-0.18404146552649464,0.3483859670592618,0.7936937767180159,0.7424947162104891,0.2537767105666131,0.2603629548111171,4.064182788001056,4.178999239490972,4.178997886861443,4.178992425780227
1.5729628721347595,6.034711590845941,5.53785755474483,-1.4188875253984714,8.332152581920807,4.761290653971975,0.9112770065300181,0.46092870677722275,-0.1803368606812718,0.36028607418459235,0.7907068285382156,0.6813751557013178,0.20086247516087757,0.26277639476545567,4.080669160336739,4.1789992808495295,4.178997986126641,4.178994364999058
1.6045741187387186,6.298101320854853,5.688367887760664,-1.3900809232205333,8.149458189459995,4.28435674211941,0.8493372226866173,0.4584101097938422,-0.17637413335959765,0.3709873930047284,0.7881121053200563,0.6291524787312973,0.15597199548425925,0.2648433087726226,4.0943548184663525,4.1789993191153245,4.178998053127848,4.178995675636001
1.6361853653426777,6.555715853370526,5.823801745275135,-1.3632323148242649,7.962228774108864,3.810652899558218,0.7950221403579012,0.45592245994853203,-0.17219501334951262,0.3806695760148575,0.7858589324991583,0.5843290298021662,0.1177240745411941,0.266622558160519,4.1057421517885775,4.178999354558887,4.17899809271962,4.1789965940817915
1.6677966119466368,6.8074118306660205,5.944261233805161,-1.3381006738898038,7.770980690591784,3.3410049694236217,0.7476235265297169,0.4534686189143089,-0.1678333751797168,0.3894807673578799,0.7839023546935281,0.5456739262968291,0.08498760608562789,0.268162448354502,4.1152208603247376,4.178999387433057,4.178998108055443,4.17899725729036
1.6994078585505958,7.053062217630922,6.049874565798664,-1.3144673622257514,7.576159611644894,2.876077890063196,0.706511693869128,0.45104916768369013,-0.16331684617138784,0.3975434818530907,0.782202937941689,0.5121639947945696,0.056824635179754036,0.26950309564906777,4.1232515401909975,4.178999417970336,4.178998101094968,4.178997748404015
1.731019105154555,7.292554067425582,6.1407909732336465,-1.2921336468422735,7.378151240729422,2.416403100084529,0.6711254822690484,0.44866330247520547,-0.15866800172893142,0.40495914908623704,0.7807264526136846,0.4830192692374543,0.03252767349714659,0.27067493571121204,4.130989078019915,4.178999446382241,4.1789980729809235,4.1789981199151205
1.762630351758514,7.525786625777587,6.2171764875249895,-1.2709185337200657,7.177287797784782,1.9623847601965538,0.6409500257963643,0.44630920059104173,-0.1539057001415314,0.41181319735147826,0.779442764684418,0.4580584544017149,0.011978021901753604,0.2716841279058973,4.139029930634165,4.178999472859982,4.178998024385099,4.178998406086005
1.794241598362473,7.752669640300948,6.279209916111415,-1.2506573043938027,6.973856400391628,1.51433106619309,0.615521658018759,0.4439827268122939,-0.1490483652949106,0.41818684929874445,0.778321066250198,0.43740711400428356,-0.004636908934314354,0.2725242939238354,4.139269452720473,4.178999497577465,4.178997955923421,4.178998629923672
1.8258528449664322,7.973121934754325,6.327079808884879,-1.2311998974720946,6.768141166003228,1.0726776300305831,0.5945969241124595,0.44167661361722804,-0.14411576544904223,0.42416316746593274,0.7773274872909487,0.41702186814830866,-0.02129460490989361,0.273359427579946,3.9504826534377315,4.178999520694091,4.178997868891147,4.178998807209728
1.8574640915703913,8.18707131420326,6.360988485974328,-1.2124039474740196,6.561261800322083,0.642295498543519,0.5814245507431325,0.43939708054771437,-0.1391059437726972,0.42974740005925016,0.7764643676020204,0.299723985795481,-0.13517388085562176,0.278163140382353,3.9642087486456012,4.178999542354361,4.178997764894068,4.178998949252188
1.8890753381743504,8.394480979006378,6.3812922473714,-1.1940243926188823,6.352501854286295,0.21823263846256202,0.5717366711087014,0.4375503338353711,-0.1334729606447051,0.43308853984621176,0.7766395501074964,0.19048749937328377,-0.24296468222039636,0.2826783107071735,4.178349349174267,4.178999562344297,4.17899764849948,4.178999063977344
1.9206865847783094,8.595291481674328,6.388190853122873,-1.1759510837159384,6.141303535526645,-0.2030778308277949,0.5596495302837307,0.4361358420561566,-0.12723535397072083,0.4343333799254379,0.7777860933807335,0.19232503437102297,-0.24159752897408823,0.28269192844140834,4.178868786350961,4.178999580173137,4.178997529368211,4.1789991570192315
1.9522978313822685,8.789425742205628,6.381771309732778,-1.1582598644023496,5.929216329950441,-0.6148838353895043,0.5472045282861124,0.43469639946803323,-0.12099622364363992,0.43559124596592314,0.7788833164161151,0.19441760352619097,-0.2399469444433408,0.28269462591471983,4.178953405850906,4.178999595504178,4.178997422270023,4.178999232671195
1.9839090779862276,8.976855661779913,6.362334065179493,-1.140962047115894,5.71624595324485,-1.017360570145607,0.5345136616486504,0.43323052778775284,-0.11475771918840504,0.436867144827311,0.7799288899956575,0.1965390327585301,-0.2382342418887521,0.28269554357766363,4.178978438194571,4.178999608090289,4.178997348441504,4.178999294103949
2.0155203245901867,9.157553322256819,6.330174029311475,-1.1240654039443336,5.5023970371067685,-1.4106934943969454,0.5216851283833083,0.4317376954569093,-0.10852076948737018,0.4381617931203155,0.7809225620770734,0.19865809602662737,-0.23648978252063516,0.28269593449856506,4.178962727653487,4.178999677708349,4.1789972446134955,4.178999436172486
2.053185793826386,9.364803688583319,6.27703959689656,-1.1044158887902296,5.246552287406893,-1.8686817543310545,0.5063628736348631,0.42992421582109625,-0.10109159786739348,0.43972467542569826,0.7820408348117135,0.2011549176392118,-0.23439847294743985,0.28269679301352096,4.178901494900763,4.178999675995607,4.178996489592087,4.178999453370503
2.0908512630625853,9.562417542360752,6.206654821766557,-1.0853434935509823,4.989481237797932,-2.3142043105949286,0.49115504907573093,0.4280714275126815,-0.09366671811607939,0.4413139226758442,0.7830858321519306,0.20359244352636569,-0.2323185524051818,0.2826991668203601,4.178563084467539,4.178999673024924,4.17899539113025,4.178999466371181
2.1285167322987846,9.750348694427624,6.119489230499564,-1.0668439081598164,4.731203506099502,-2.7475561208868875,0.4762407333012607,0.42617899935099257,-0.08624701708867348,0.44292844607765847,0.7840582275639532,0.20580122573701612,-0.23042063845549843,0.28270998986134066,4.11224954970756,4.178999669182992,4.178993724003108,4.178999475583967
2.166182201534984,9.928551694536813,6.016001239953568,-1.048906077470633,4.472342382262809,-3.167125411144733,0.46326079913295437,0.424247663297012,-0.07883215828116849,0.44456328698452646,0.7849604415977126,0.16736919369378855,-0.2691218744619109,0.28438176219017036,4.041699667682865,4.178999664905228,4.178991044935216,4.178999481360241
2.203847670771183,10.097004568949682,5.896709975212912,-1.0314571420925536,4.213005529538498,-3.573136706421562,0.4524327117246691,0.42253173693460466,-0.07113327705289746,0.4452951657990373,0.7862055733044208,0.086151070784448,-0.35144024405200763,0.2878205684501124,4.160609558150299,4.178999660505649,4.178986401923052,4.17899948396584
2.2415131400073824,10.255689399114452,5.762126104520457,-1.0144160517076377,3.951474800178281,-3.970555861630066,0.4385635822256528,0.4213168115180501,-0.06282808974646206,0.4441429299135508,0.7882143320692467,0.07870377398307979,-0.36177954074103114,0.28828085870333114,4.159894573482106,4.178999655977224,4.178977593684617,4.178999483645167
2.2791786092435817,10.404523551638183,5.6125732548636185,-0.9978973485932001,3.6890986437910365,-4.354445791637209,0.4223356363652393,0.4201403014389593,-0.054419842940683236,0.4427644828347683,0.7902406092711172,0.07094225620710977,-0.37264157967325473,0.2887588370422386,4.157239279591418,4.178999651313655,4.17895851614757,4.178999480645884
2.316844078479781,10.543475183115198,5.44856101085801,-0.9819898786743347,3.425869181610586,-4.7248105280101145,0.403757359294347,0.4190059579978564,-0.04590306634390662,0.4411499491724889,0.7922838115269325,0.06169052188279245,-0.3852248546732938,0.2893028461495968,4.155124254885891,4.178999646512974,4.178908000258701,4.1789994752311195
2.3545095477159803,10.672512153382396,5.270598805268374,-0.9667821682789444,3.161749106593728,-5.081708709495373,0.3827791753047576,0.41792562608230954,-0.037263270232547115,0.439262326438319,0.7943539691644306,0.05131888164811486,-0.3992340301294689,0.28989856610263215,4.1515430791854175,4.178999641575352,4.178719745480961,4.178999467712776
2.3921750169521796,10.791600917089383,5.07919386220355,-0.9523646110272453,2.8967226202042817,-5.4250979923058,0.35936866611445717,0.4169092749440407,-0.028487439347304567,0.43707217569063944,0.7964565496636593,0.03903044809492088,-0.4156641060637865,0.29057927030352115,4.145870742256343,4.178999636501588,4.177279446627902,4.178999458488704
2.429840486188379,10.90070733382649,4.8748550006709905,-0.9388288215892573,2.6307917662723295,-5.754855061031192,0.3335140965764476,0.41597403930761806,-0.019553523239037394,0.4345299645946546,0.7986031356189539,0.02433964941960739,-0.4365843442592325,0.29136597653092966,4.16319986655548,4.178999631287161,4.0638865004364275,4.178999448088345
2.467505955424578,10.999797340165866,4.658095684410935,-0.9262668566448183,2.365019691230156,-6.068514182390968,0.30716924773106496,0.4151533057008052,-0.010411801159549249,0.43156202460987214,0.8008080581995177,0.08996726248343397,-0.516510522245296,0.28887841672560105,4.144905981828014,4.17899962590394,4.1425444336595705,4.178999437192212
2.5051714246607775,11.088876916588902,4.429522250164649,-0.9146971827940975,2.0973695777527137,-6.370141928166882,0.27643977567088174,0.4149858206367882,0.00042914013379166216,0.4289099244033097,0.8023857309661672,0.09703377937407347,-0.5587476462256779,0.2888192610336252,4.133601102270554,4.178999620377639,4.163944621490585,4.178999425931979
2.5428368938969768,11.167875325896686,4.189587865339058,-0.9042849489279041,1.8262164682635975,-6.657756736182745,0.2431672134040909,0.4151041504388143,0.011962883183401123,0.4259764932729854,0.8037969027642865,0.08452445296911267,-0.5947239971254972,0.2895792865848883,4.166627494972491,4.178999614724765,3.9891362903651424,4.178999414350999
2.580502363133176,11.23666062610071,3.9388203338102676,-0.8951259417321803,1.553014019294,-6.927061622392566,0.2110801974710818,0.41543984008147394,0.023947610856178133,0.4225081577370232,0.8051851388687552,0.1997369794773249,-0.7176854620101915,0.2851335640439616,4.133868007357452,4.178999608911616,4.1704021163888125,4.1789994025387855
2.6181678323693753,11.295155627867814,3.6779093073747844,-0.8871755070479621,1.2733958288621143,-7.185037759823541,0.17300274517187328,0.41668963766290273,0.0386576343670179,0.41974590685654645,0.8054121347774378,0.18506484731641915,-0.7484530912361171,0.2860486483241007,4.1368372665917725,4.178999602998746,4.178617988484683,4.178999389399534
2.6558333016055746,11.343118679285325,3.407281488671221,-0.880659277471913,0.985827337353089,-7.427051772701028,0.13374995719717594,0.41808244583340043,0.053717296735961866,0.41642138881857677,0.805552448603956,0.16753502118359326,-0.772520220566038,0.2870951471532246,4.138783188730759,4.178999597014485,4.178898512104355,4.178999373792028
2.693498770841774,11.380250328532602,3.1275380986108914,-0.8756215225737599,0.6904885920104186,-7.6523833794110185,0.09358569500172545,0.4195632656374286,0.06899896975293765,0.4125383010790071,0.8056165082988191,0.15131511684141918,-0.7954057466168583,0.28809993161020686,4.139060311243173,4.178999590985654,4.178957907250623,4.178999354567665
2.731164240077973,11.406257905352916,2.8393074878500832,-0.8720965734577241,0.38762091457531583,-7.860579947648617,0.05263303684617663,0.4211201328698463,0.08448970312679496,0.40812131253161726,0.8055782507086162,0.13550615480755218,-0.8182547848438437,0.28909926220240323,4.056664699224126,4.178999584946836,4.178978158034511,4.178999330524674
2.7688297093141725,11.420857828986161,2.54323505565324,-0.8701141254275867,0.07894349486098548,-8.049432443651009,0.013063949454121551,0.42274983084266127,0.10018664500513061,0.4031724968128214,0.8054173790643389,0.06949038275202478,-0.8917309865584268,0.2921629067200529,3.8956505361898075,4.178999578948106,4.178986975021677,4.1789993003637855
2.806495178550372,11.423831272763247,2.2400494055780387,-0.8696220656413192,-0.2337147866459202,-8.217060732882757,-0.023034924624795197,0.4248911934067084,0.11646592128710918,0.39651349321612445,0.8054068615561584,-0.09426037697960045,-1.0645451546356808,0.29925977968921175,4.178225359917527,4.1789995727821925,4.178991473479235,4.178999262457952
2.844160647786571,11.41502829565679,1.9305499573316622,-0.8704896868861326,-0.5586857709703984,-8.371173223686034,-0.06755185223063694,0.42841461911280737,0.1340641209348984,0.38582475369337377,0.8059944075772798,-0.08273056827684837,-1.066086666401833,0.29927896117416913,4.178878713260267,4.178999565387673,4.17899404574493,4.178999214705553
2.8818261170227704,11.393985133937601,1.6152457898040213,-0.8730340590981739,-0.8902656384136448,-8.50125087581592,-0.11605711860609128,0.43173266098813706,0.1517202779552311,0.3751299296083321,0.8061422967475129,-0.07078398909936533,-1.067096442111536,0.29928184118512746,4.17895959869649,4.178999555786924,4.178995626207602,4.178999154441772
2.9194915862589697,11.360452860921887,1.2950421864717652,-0.8774054049286736,-1.2280995740418905,-8.607446875272514,-0.16736233499047826,0.4348349068678662,0.16942256089723992,0.3644442116043654,0.8058504924961709,-0.058777362618973275,-1.0679209989044867,0.299282733532839,4.178981443073009,4.178999543047223,4.178996654379522,4.178999078091453
2.957157055495169,11.314195914196823,0.970838660988969,-0.8837091858085558,-1.571821239139217,-8.68997644107593,-0.22030153848203204,0.4377143424613756,0.18716157405748432,0.3537745455916021,0.8051212768840457,-0.04674869292251613,-1.0685961462566445,0.29928310289260546,4.17898978547531,4.178999526210828,4.178997354193433,4.178998980659304
2.9948225247313682,11.25499252966922,0.6435266206843276,-0.8920069466289381,-1.92104456063407,-8.749097374252841,-0.273729059342448,0.44036443839113476,0.20492810037351986,0.3431269311272614,0.803957426865973,-0.03470776542185987,-1.0691300905870553,0.29928327880563094,4.1789936799572605,4.178999504222413,4.178997848140124,4.1789988549587544
3.0324879939675675,11.182635484869289,0.31398776268989576,-0.9023170800926549,-2.2753640086240163,-8.785108018604529,-0.32652129200896884,0.4427788937422914,0.22271290550995212,0.3325070644646342,0.8023620535997351,-0.02265879233864283,-1.0695255234317165,0.29928336694589003,4.1789957541357445,4.178999475844283,4.178998207203231,4.178998690323639
3.070153463203767,11.096932831801308,-0.016907453121540298,-0.9146156577717827,-2.6343555065976365,-8.798346504062346,-0.377578581406839,0.4449515892300866,0.2405067027812283,0.32192046307540545,0.8003385687396566,-0.010604390968246613,-1.0697835237870787,0.2992834087138313,4.1789969666119795,4.178999439557844,4.1789984745283855,4.178998470356472
3.107818932439966,10.997708595510343,-0.34830130269972165,-0.9288373322140097,-2.997577471362947,-8.78919014799781,-0.4258270708707148,0.4468765777319548,0.2583001467034008,0.31137249910484954,0.7978906725164667,0.001453386886876118,-1.0699045756737682,0.29928342220731613,4.17899772592961,4.178999393450315,4.178998677409559,4.17899816878531
3.1454844016761654,10.884803433479599,-0.6793502738302385,-0.9448763086518313,-3.3645719081452565,-8.758054834784842,-0.470220501203601,0.44854808460893986,0.27608383412306764,0.30086840933080067,0.795022347230763,0.013512714228451553,-1.0698889020573201,0.2992834153647033,4.178998227069938,4.178999335092553,4.178998833705328,4.178997741362774
3.1831498709123647,10.758075253780373,-1.0092265187787728,-0.9625873844741457,-3.7348655430181306,-8.70539433130674,-0.5097419591192828,0.449960511250795,0.2938483078580384,0.2904132974767119,0.7917378524060812,0.025571849774490375,-1.0697365875607123,0.29928339064042003,4.1789985714606575,4.178999261435556,4.178998955439474,4.178997108808903
3.220815340148564,10.617399790568482,-1.33711928115359,-0.9817870545537529,-4.107970985831655,-8.631699526368912,-0.5434055728193896,0.4511084398561111,0.31158406119822707,0.2800121336104075,0.7880417205508553,0.03762906136532725,-1.0694476165317754,0.29928334634014786,4.1789988155423865,4.1789991688092,4.17899905090543,4.178996117397266
3.2584808093847633,10.462671135778441,-1.6622362941201536,-1.002254680439561,-4.483387919114083,-8.53749759073585,-0.5702581516370349,0.451986638763216,0.329281542464707,0.2696697522636146,0.783938753274562,0.049682554170753485,-1.0690218568004317,0.299283275805059,4.178998992440279,4.178999053238264,4.178999125940868,4.178994436175242
3.2961462786209625,10.293802226037103,-1.98380514697814,-1.0237337213067375,-4.860604307820703,-8.423351057686405,-0.589380765758393,0.4525900681402659,0.34693115884449643,0.2593908498220311,0.7794340179080012,0.06173034802259613,-1.068458967433741,0.2992831635028629,4.178999122412611,4.178998911566527,4.178999184724775,4.178991240874122
3.333811747857162,10.110725284011545,-2.3010746171071332,-1.0459330244078178,-5.239097620106504,-8.289856825535997,-0.5998902593777232,0.4529138861909891,0.3645232779714805,0.24917998114173603,0.7745328453400214,0.07376996514698572,-1.0677581080664849,0.299282972931677,4.178999218206135,4.178998744336497,4.178999230291269,4.178983976091934
3.371477217093361,9.913392213775978,-2.6133159643418558,-1.0685281725175049,-5.6183360266901765,-8.137645085139903,-0.6009406772068947,0.4529534567223313,0.38204822283164835,0.23904155447344555,0.76924083141068,0.08579735708627835,-1.0669168917237444,0.2992826033262271,4.178999287925654,4.178998561663571,4.178999264871585,4.178961127233854
3.4091426863295604,9.70177495100405,-2.919824184951301,-1.091162885107622,-5.997779387246854,-7.967378181341679,-0.5917244811992664,0.45270436162635574,0.39949624283785223,0.22897982065016237,0.7635638510680951,0.09780138833334556,-1.0659259238607017,0.29928166510851445,4.178999336598544,4.178998391717562,4.178999290131124,4.178802632618959
3.4468081555657597,9.475865776008193,-3.219919222733791,-1.1134504653505388,-6.376877145283472,-7.779749515414292,-0.5714716146247757,0.4521624392311095,0.4168573608721832,0.2189988328482646,0.7575081388647645,0.10969724039746327,-1.0647024040247859,0.29927676066134645,4.178999367931941,4.178998277898358,4.178999307875189,3.017962730591684
3.484473624801959,9.235677706069495,-3.5129471387719637,-1.1349752118705494,-6.718809563501115,-7.577457985122865,-0.5151262287133274,0.4513241399144876,0.4341197141604381,0.209102053646446,0.7510811711583243,-0.5895173302519301,-0.3522481958224963,0.2701956782787462,4.178999381770137,4.178998276397409,4.178999318580173,4.178920917964714
3.5221390940381583,8.982610591151563,-3.798355649399201,-1.1543776829909105,-7.096388043044075,-7.357259102300253,-0.4712278148914491,0.45366526751063213,0.4351135321266095,0.19554147721291495,0.7527466837550385,-0.5859798326055565,-0.3581990383656117,0.27019373905778477,4.178999420577331,4.178998421687986,4.1789993653674165,4.178637426491157
3.5632185876129876,8.691094564132838,-4.100588127420499,-1.1737354829850248,-7.493118192272563,-7.106974261133991,-0.43077559616689515,0.45611097257338923,0.43622654990858756,0.18070823520515503,0.7543299752641719,-0.5822451723630471,-0.3644605990544849,0.27018387593215526,4.178999390965544,4.178998495135628,4.178999347109196,4.022201663335107
3.604298081187817,8.383281063497941,-4.392539030917231,-1.191431526319956,-7.868245696620119,-6.846563660720102,-0.3940923305926965,0.45844180252673206,0.4373712803135014,0.16583276111365086,0.7556698830801677,-0.6829550951702966,-0.2661666738860269,0.2659005203284983,4.17899934793382,4.178998606875971,4.178999325911732,4.013800718131966
3.6453775747626462,8.060057514958457,-4.673792398827442,-1.2076206396824283,-8.227113804923398,-6.575562460789884,-0.3637718571627931,0.46129746416571565,0.4359214277898697,0.15031813981556902,0.7580116194296169,-0.7904155328992956,-0.16325785036162543,0.26138766639675975,4.178999290846024,4.178998727255644,4.178999302831382,4.132242057573376
3.6864570683374756,7.722091846269716,-4.943913174686349,-1.2225642033514508,-8.571837230830987,-6.294140366699982,-0.34538663737689956,0.4647384860800912,0.43171560983000595,0.13410426414669732,0.7613513105805803,-0.8199004069863582,-0.1405064373021759,0.26011037441683377,4.178999218730944,4.1789988388507915,4.178999277730971,4.127504010568067
3.727536561912305,7.369965113821312,-5.202473273439275,-1.2367525115024072,-8.895908957498746,-6.004097059434408,-0.338652763646637,0.46825321098139755,0.4267344860745437,0.11761614261350946,0.764724167132846,-0.852802520027205,-0.11486327878215565,0.2587036473526486,4.178999130648313,4.178998933795624,4.178999250456323,4.122145150874179
3.768616055487134,7.004525678959475,-5.449118540014962,-1.2506641955307274,-9.198678192538528,-5.705722963336453,-0.3434879587162286,0.47186165069672487,0.4208898863997182,0.10083152223904565,0.768134942735423,-0.8895656020181099,-0.08594232018692267,0.257150526759747,4.178999026354821,4.178999009959581,4.17899922085286,4.116520765004777
3.8096955490619635,6.626648637252165,-5.683506749827099,-1.2647745069238419,-9.479401699134673,-5.399328798363292,-0.3598584677174679,0.4755860179079174,0.4140812650842684,0.08372530372883777,0.7715858468065727,-0.9303992445202662,-0.05359782145560604,0.2554437599226632,4.178998907355663,4.178999067804325,4.178999188781403,4.1104973511484255
3.850775042636793,6.237239616059337,-5.905308442507854,-1.2795573105362896,-9.737210114399149,-5.085254577335454,-0.3877644049741626,0.4794486056049928,0.406201450055752,0.06627097212470327,0.7750726255065905,-0.9756026263139919,-0.017595370042752287,0.25357244708417465,4.178998778348921,4.178999108595734,4.178999154134522,4.104125730028701
3.891854536211622,5.837239955728113,-6.114208125243877,-1.2954864759189735,-9.971100514312033,-4.763872276300253,-0.4272309521293224,0.4834718094842596,0.39713409392912175,0.04844029377653657,0.7785840088339563,-1.0254420879862245,0.02226444542452575,0.2515270766347771,4.178998648717636,4.178999133525982,4.178999116860547,4.097522860797698
3.9329340297864515,5.427632196216454,-6.309905585809461,-1.3130369070719383,-10.179921816194017,-4.435591790807695,-0.478295795449911,0.4876771049521345,0.38675428424062674,0.03020378240937095,0.7820996716884572,-1.0801063030033045,0.06610247495523565,0.2493013317487828,4.178998533035086,4.178999143304731,4.178999076997467,4.090923160111452
3.9740135233612808,5.009446163375847,-6.492117450280512,-1.3326850561279908,-10.362361389512383,-4.100867961660197,-0.5409926753037887,0.4920834891113473,0.3749303816520984,0.011531540223034997,0.7855877240883405,-1.1396267162958726,0.11388355104678365,0.2468952989461922,4.17899844901483,4.178999137945298,4.178999034719034,4.084744755203435
4.0150930169361105,4.583765605255313,-6.660579029362756,-1.3549087612571629,-10.516934548645844,-3.7602083999025426,-0.6153299632271547,0.4967051040534801,0.36152807926538394,-0.007605298600585104,0.7890016774019557,-1.2037529905974373,0.16529538519531178,0.24432048661006733,4.178998412142974,4.178999116599689,4.178998990395499,4.070360426692381
4.05617251051094,4.151735260037315,-6.815046486166572,-1.3801862045279527,-10.641764474645557,-3.4143234345025513,-0.7009802939557072,0.5015477143626371,0.3464180033524379,-0.027232243989048284,0.7922770109363555,-1.2779932892906203,0.22579420388829488,0.241352725534614,4.178998428472383,4.178999077580972,4.178998944663857,3.8011288581613445
4.09725200408577,3.7145769646762656,-6.955305163756609,-1.4089821200095882,-10.729548559004492,-3.0679846807057722,-0.7897932133742975,0.5066535979137418,0.3293221359732131,-0.047403074965323824,0.7953628171865547,-1.532685332648693,0.4655758566470875,0.23103013266410147,4.178998494267975,4.178999017119027,4.17899889838502,3.9873673170871102
4.1383314976606,3.2738125435858207,-7.081336420735337,-1.4414264252438413,-10.788087413326945,-2.7146570989155894,-0.8958600417950634,0.5134164603072259,0.30537267009899666,-0.06912138754738734,0.79898266841386,-1.6651322887654683,0.579057414793616,0.22579517513223604,4.178998595343749,4.178998929287765,4.178998846851589,4.178772669573577
4.17941099123543,2.830643376005359,-7.192853159588105,-1.478227902074708,-10.808528717522265,-2.3565827829411505,-1.0228347648802685,0.5206304302046889,0.2778046327532979,-0.09169646042140682,0.8020974381656327,-1.6706546965161488,0.5637632792818456,0.22578900107096678,4.178998713678448,4.178998805151202,4.178998781798525,4.178945963733742
4.220490484810259,2.3866344900005445,-7.28966038687849,-1.5202454362267193,-10.782580922445689,-1.9988535187776364,-1.1637792689292075,0.5271539475868758,0.2500594817837103,-0.11440375435519863,0.8040464862823987,-1.675919117403643,0.548302685767324,0.22578755941724682,4.178998834544227,4.178998630700661,4.178998694586854,4.178978228451185
4.261569978385089,1.9436915262768588,-7.37177227716014,-1.5680528992272162,-10.710118074947964,-1.6422187949241767,-1.3149374663474431,0.5329661089391127,0.22217948990135508,-0.13721284252189686,0.8048329247965299,-1.681018292763778,0.5327719455853728,0.22578699824804974,4.178998948225954,4.178998382937853,4.178998574842988,4.178988720146215
4.302649471959919,1.5037252996313701,-7.439233793594691,-1.6220698644273386,-10.591286309660273,-1.287449897058067,-1.4725701526067103,0.5380478724622161,0.19420433988493366,-0.16009329696670932,0.8044621169297342,-1.6859660735979447,0.5171871001218484,0.22578672408120462,4.178999049666673,4.178998022469495,4.178998408476518,4.178993206650504
4.343728965534749,1.0686406217245026,-7.492121583368802,-1.6825623005498314,-10.426497904290585,-0.9353374646190438,-1.6329729084874447,0.5423813906503154,0.16617318408254717,-0.1830142999609854,0.8029412593570517,-1.6907658786498743,0.5015535819544495,0.22578657500737515,4.178999137108117,4.178997477867808,4.1789981744542954,4.178995472387196
4.384808459109578,0.6403253680572255,-7.530544772736918,-1.7496440006519118,-10.216428188535641,-0.586686676471584,-1.7924949767049225,0.5459499560687661,0.13812486651399547,-0.20594463061833856,0.8002793111398542,-1.6954185842158846,0.4858743071580191,0.22578649392428463,4.1789992107287315,4.17899660939162,4.178997839048125,4.178996752225068
4.425887952684408,0.22063967192857,-7.5546455642934704,-1.8232787865303755,-9.962011505254718,-0.24231211611735162,-1.9475579508347534,0.5487380176587173,0.11009793298671075,-0.2288526951404656,0.7964869597519976,-1.6999241512373784,0.4701514335166922,0.22578646035480598,4.178999271664794,4.178995114242276,4.178997344671677,4.178997535495251
4.466967446259238,-0.18859471569391748,-7.564599623310617,-1.9032834808582997,-9.664435844844387,0.09696745021359855,-2.0946741062286405,0.550731211099441,0.08213059676725078,-0.2517065659919173,0.7915765931558075,-1.704281991693381,0.4543869582310858,0.22578647385692918,4.178999321425591,4.1789922357404565,4.178996586295638,4.178998044308254
4.508046939834068,-0.5856048458865531,-7.5606162495625995,-1.9893316323464807,-9.325136106434979,0.4303343104044828,-2.2304642601197493,0.551916392652867,0.054260691781879124,-0.27447402177935737,0.7855622726535837,-1.7084908108852188,0.4385831719411173,0.22578655781668383,4.178999361596172,4.178985633248392,4.178995356686175,4.178998390221711
4.549126433408897,-0.9686767146552582,-7.54293833402331,-2.0809579745889564,-8.945786015530311,0.756976999342875,-2.3516750360724665,0.5522816748645992,0.026525621385547732,-0.2971225808685632,0.7784597067009107,-1.7125475578810705,0.4227437274723554,0.22578679690435263,4.178999393721636,4.178964912776002,4.178993203602295,4.178998633898244
4.590205926983727,-1.336165073802034,-7.51184210224251,-2.177563594123382,-8.528288822354225,1.0760952995177473,-2.455195269888182,0.551816468616516,-0.001037697069276486,-0.3196195079697434,0.7702862313929603,-1.716441929094233,0.40687890248891817,0.22578754899252437,4.178999419298661,4.17882675575463,4.178988995383092,4.178998810572698
4.631285420558557,-1.6865028596842235,-7.467636652300067,-2.278421772437705,-8.074768093436873,1.3869034102619275,-2.538068973494959,0.5505115637697111,-0.028392908445476827,-0.3419316783006514,0.7610608308672404,-1.7200939147757182,0.3910672928904422,0.22579196440341212,4.178999439974454,3.625275488127548,4.178979134876068,4.178998942342876
4.672364914133387,-2.018210243696801,-7.410663362569303,-2.382684360526865,-7.597094447425594,1.677517741928267,-2.580136835767045,0.5483596900092779,-0.05550456972779898,-0.3640237910446659,0.750804616838316,-1.3537680486503538,0.7450394129827779,0.2409179512994927,4.178999457160488,4.178881447522333,4.178950017126766,4.17899904261449
4.7134444077082165,-2.3302950362371924,-7.3417517832681,-2.488675075093938,-7.078467875259425,1.9697235534492472,-2.614011510700208,0.5483888249132178,-0.08399979887631934,-0.3760405832200316,0.7421638702271733,-1.361029950094717,0.731687546306317,0.24091981315005723,4.1789994692250705,4.178973005218663,4.178797145632023,4.178999121342434
4.754523901283046,-2.621074911838548,-7.260836537209991,-2.596057344152277,-6.53517555632713,2.24119144824113,-2.629376582739568,0.5477369217781313,-0.1122867600546267,-0.3879306147705901,0.7327249048320689,-1.368118742843432,0.7181003596938987,0.24091499953851195,4.1789994753083874,4.178988996302162,4.0500457054384835,4.17899918644355
4.795603394857876,-2.8895366141150705,-7.168769527512006,-2.704070802588734,-5.9724083659828455,2.489499333164555,-2.6206992631181825,0.5463958433671372,-0.14033324974097827,-0.3996801271098583,0.7225053337946364,-1.2890654254996514,0.6184144302566812,0.2373925364634547,4.178999474679255,4.178994246050279,3.88488819041954,4.178999243945803
4.836682888432706,-3.13488012521172,-7.066502155650731,-2.8117278011295572,-5.393760081120615,2.7142965728041846,-2.5856196305641164,0.5439930955564793,-0.1658528963609387,-0.41100326719276054,0.7124890477140285,-1.098598700751281,0.4093530148172506,0.22935818115828008,4.1789994663892704,4.17899654199712,4.080326980122895,4.178999297377608
4.8777623820075355,-3.3564530578082854,-6.95500022702804,-2.917943746130269,-4.794236116306732,2.92401463166917,-2.533351742451707,0.5401872576016664,-0.18599891685215575,-0.4215984195362399,0.7041710745970476,-1.036531201585498,0.333081625886972,0.2266627349452687,4.1789994493623785,4.178997720525899,4.104072283330187,4.17899934693821
4.918841875582365,-3.5533978495443224,-6.834883186753679,-3.0220125527570967,-4.185626360488664,3.120469441363487,-2.461212093819273,0.5356935872163474,-0.20422659712320687,-0.43191604375718917,0.6962559937177527,-0.9895730712710382,0.2733730798635694,0.22461592930170404,4.178999422125545,4.178998394895832,4.113686302347933,4.17899939265107
4.959921369157195,-3.725341260726653,-6.706695882386736,-3.1231178991514374,-3.5714171743883516,3.3052851666829177,-2.369300307311334,0.5306319552479853,-0.2209655626930276,-0.4420147487400984,0.6886413508276146,-0.9484595093976149,0.2206075492397817,0.22283174168521463,4.178999382677028,4.178998811549605,4.108379577778901,4.178999434647639
5.001000862732025,-3.8720532695949745,-6.570916441619006,-3.2204475559024743,-2.9545336655082033,3.4797416527709824,-2.25773255101826,0.525067805122258,-0.23639655928599226,-0.4519193838156037,0.6813144188358001,-0.9032977881157622,0.16474516739691725,0.22090257653557865,4.17899932868873,4.178999083359669,3.6251813976414264,4.1789994731379485
5.042080356306855,-3.9934240163238357,-6.4279704167519345,-3.313194065725712,-2.352756609900704,3.6380029909371414,-2.117631208954683,0.5190220820537403,-0.250447229714749,-0.4616239816625295,0.6743853223661093,-0.5347897855279509,-0.2134545336471703,0.2057734646903336,4.178999256188369,4.178999269378011,4.047756065385099,4.178999508400974
5.083159849881684,-4.090074066363388,-6.278523096260522,-3.4001852833678243,-1.7381622504203798,3.7954053344640335,-1.9679106079831583,0.5113565156719242,-0.2551226398267933,-0.4702116719682208,0.6725532960833136,-0.44530242126270364,-0.3056581848241089,0.20218818768405625,4.178999161102007,4.1789994004190065,4.178932489000263,4.1789995369945965
5.124239343456514,-4.161476891361543,-6.122609767209533,-3.481026054544307,-1.1294542758561206,3.957006086367999,-1.8100599543136773,0.503242658221744,-0.2575119987692801,-0.4784804155165539,0.6719307177104419,-0.4427190545577914,-0.30940172677488675,0.20218637007565296,4.178999040172141,4.178999494510584,4.178984052986116,4.178999555845521
5.165318837031344,-4.207874301029638,-5.960057961109018,-3.5553824008075914,-0.5332859001838541,4.123044495143879,-1.643645291348721,0.49503509299110965,-0.25978684650057826,-0.48668507647614434,0.6712590315429503,-0.44013919856525446,-0.313089485404017,0.20218596233329436,0,0,0,0
