t,p_x,p_y,p_z,q_w,q_x,q_y,q_z,v_x,v_y,v_z,w_x,w_y,w_z,a_lin_x,a_lin_y,a_lin_z,a_rot_x,a_rot_y,a_rot_z,u_1,u_2,u_3,u_4,mu_0,nu_0,tau_0,mu_1,nu_1,tau_1,mu_2,nu_2,tau_2
0,8.76590076268825,-3.9562884021714497,1.280370429906487,0.8153911646020423,-0.4726008972160593,-0.3321080769042781,0.038598780997729856,-10.663950024957332,-8.772570898243414,2.518139318625831,-0.6123671596981576,0.860684388892443,0.2999885638985667,-18.389430059249108,24.377358203867097,0.9460721127732687,-0.14153249244171578,-0.11370288923927076,0.0001379773232058698,6.87921298467858,6.879080919336353,6.8791341013734035,6.879261475486643,1.0,0,0,1.0,0,0,1.0,0,0
0.0242692,8.501647426011154,-4.162037955052828,1.3417647591480473,0.8151196184288783,-0.48024623297137814,-0.32214372994204066,0.03416109817020386,-11.110247171483305,-8.180951398825842,2.5410997520366614,-0.6158020430694167,0.8579249083182355,0.29999191250074925,-17.73371490589915,24.882778792423775,0.8884285005625242,-0.1724395010717333,-0.03447415510064236,4.932586475229326e-05,6.878944649639438,6.878918368571731,6.879236808883046,6.879261412871351,0.9999044389807416,9.556101925853074e-05,0.046200247489094654,0.9999145726752765,8.542732472350833e-05,0.046480417688475065,0.9999791530871448,2.0846912855139786e-05,0.04294672248727232
0.0485384,8.226755422145414,-4.353279842723518,1.4037001217520877,0.8146740532475051,-0.48784321115898355,-0.31214152118990673,0.02971294399016628,-11.540630621884327,-7.577065735326971,2.5626612198698626,-0.6199870154708843,0.8570882474211474,0.2999931096010736,-17.03074991702039,25.346740224468952,0.8091706592482572,-0.19088150273275573,5.517214617545179,1.5524758000400114e-05,6.860435282164923,6.860424476733761,6.879251018810702,6.879261296400092,0.9998046145965732,9.982438416834439e-05,0.04620942501429869,0.9998324324867558,8.214018852069569e-05,0.04642613697095664,0.9999543009180278,2.4852169116994966e-05,0.04405654418733766
0.0728077,7.9416227943447275,-4.529729433419788,1.4661349774226908,0.8143020631247804,-0.4954161830954317,-0.3014259172869364,0.0248469696172692,-11.95395365944855,-6.961920089188468,2.5822991616174593,-0.6246195608907121,0.9909867495850772,0.2999934863748602,-16.177199771469898,25.78585937169112,0.7529744261872584,-0.25594354383724793,19.43749745879819,6.038731331278006e-06,6.814030311525057,6.814024573340274,6.8792555922579535,6.879261125125872,0.9997000352391334,0.00010457935743977913,0.04628649932999918,0.9997533026667,7.912982005577218e-05,0.04634182039055588,0.9999266550220324,2.7645895995423984e-05,0.044467414362358695
0.0970769,7.64670039077143,-4.691123495539058,1.529025431166329,0.8148057561282259,-0.5030118711720796,-0.28764896116105654,0.01813042294280324,-12.346561699693732,-6.33611736331673,2.6005732645522257,-0.6308311113802205,1.4627196757017502,0.29999363293016684,-15.198283014072073,26.48148890740571,0.8769884991697683,-0.3138903253872979,3.0138109663966817,-1.6876880987219427e-06,6.868770608103479,6.86876745419181,6.8792576788864475,6.879260890179513,0.9995901708425663,0.00010986439656713199,0.04639557825959645,0.9996769287556015,7.637391109852736e-05,0.046258324757572605,0.9998966606052565,2.9994416775849033e-05,0.044660365064395434
0.121346,7.342528000085867,-4.837126948236553,1.592392486866779,0.8159347340398424,-0.5105616399481796,-0.2710769726563061,0.009726065109833036,-12.715412192581248,-5.693432250343905,2.621857092460677,-0.6384489851311257,1.5358625208110264,0.299993591971291,-14.024345839303889,27.060055728068754,0.9747891116791356,-0.3357823412002686,5.404283744260922,-4.517246436428482e-06,6.860796501095826,6.860794865109807,6.879258785284916,6.879260574857313,0.9994744224285453,0.00011574841402095886,0.04653190254766855,0.9996030811860682,7.384756953339198e-05,0.04618090376771879,0.9998645373860547,3.212321920177708e-05,0.044765655759309984
0.145615,7.029745067448261,-4.967361803735041,1.656304757431647,0.8170019085566553,-0.5179830032325737,-0.25337927401501126,0.0006581045285464168,-13.055772144456249,-5.036705771200156,2.64551446507121,-0.6465981610571147,1.6670202786267592,0.29999348234123785,-12.74253837904946,27.630002135790875,1.0832616371426185,-0.3675023391003831,6.909199224232466,-7.733936247029728e-06,6.855773669536174,6.855773230670493,6.879259443742893,6.879260145562408,0.9993521049479908,0.000122317480554597,0.04669711656897668,0.9995315522762932,7.152890977492006e-05,0.04611049565630739,0.999830405078132,3.4132307922597974e-05,0.04482924387710005
0.169885,6.7090730632138875,-5.081489841225847,1.7208225065851641,0.8180749761761247,-0.5252365248985773,-0.23407695143218027,-0.009375865783576043,-13.365023627495397,-4.366147136594297,2.6718043814003267,-0.6555171566297713,1.834701163168557,0.29999329464462804,-11.323737841704684,28.187415300415182,1.2074398480565098,-0.4044358671577138,7.459257564926528,-1.1122433284033853e-05,6.853932940005803,6.853933625019541,6.879259860842875,6.8792595539918695,0.9992224305069617,0.0001296744410291519,0.04689569949421933,0.9994621538321257,6.939844416753374e-05,0.04604690079543267,0.9997943287139477,3.607636418440297e-05,0.044870550568832414
0.194154,6.38130624629302,-5.179178598315004,1.7860142549261508,0.8191130243546643,-0.5322609879883543,-0.21290869487993402,-0.020542185093556275,-13.63984192640288,-3.6820605185758852,2.7011080062028987,-0.6653325001659056,2.015731535273788,0.299993024711834,-9.75312202248216,28.718562684563764,1.3426090445317709,-0.4420171737880321,7.154280553736794,-1.4348408230726679e-05,6.854941464142081,6.854943348380923,6.8792601308428605,6.879258734449898,0.9990844881103307,0.0001379423966309558,0.04713434067533367,0.9993947144700006,6.743936212516391e-05,0.04598960217591753,0.9997563391521663,3.7989561781327246e-05,0.0448988994814635
0.218423,6.047324691668757,-5.260106672880853,1.8519567971014188,0.8199884575995754,-0.5389830046642017,-0.18983170527581308,-0.032865991816745356,-13.876542602515686,-2.985083367182241,2.733692082139125,-0.6760599127470179,2.1893603528223275,0.29999267648714023,-8.035457385549945,29.209151117939314,1.4782086280433535,-0.47416161135079954,5.29946898364149,-1.833314873543788e-05,6.861115179296229,6.861118498793864,6.879260303078405,6.879257606907828,0.9989372193357343,0.0001472687745963031,0.047422073608958185,0.999329077225354,6.563724464657493e-05,0.04593801875680832,0.9997164437610175,3.989539114883053e-05,0.04491921142958188
0.242692,5.708097593842588,-5.323972106619287,1.9187307020302196,0.8204997763557849,-0.5453349479327566,-0.1650987024028085,-0.04617715496327524,-14.071556895544212,-2.2762000165628065,2.769567054367207,-0.6875674457948725,2.3179743380237086,0.2999922315558976,-6.078102374124821,29.446840944497428,1.5439410584266064,-0.5626239792644967,29.211253637072343,-2.7305584144788815e-05,6.781398956158263,6.781404171089206,6.879260404742654,6.879256118201571,0.9987793884050646,0.00015783093066971398,0.04777078134428393,0.9992650974656824,6.39797596716094e-05,0.04589159262769468,0.9996746325879291,4.181117308845256e-05,0.04493428113578903
0.266961,5.364698067557629,-5.370559916583034,1.9863927434576714,0.8209592763134149,-0.5510408000039607,-0.13603419044694964,-0.06224628812762016,-14.219067706761567,-1.5615481189569043,2.807037301490691,-0.7012218916207529,3.026908715145137,0.299991568870635,-3.7652686430032034,29.910340002998716,1.7836270340912848,-0.6597094905186522,8.66727612903379,-4.765417070024736e-05,6.849866495095191,6.849873940066764,6.879260431981081,6.879254607251311,0.9986095469532283,0.0001698414518363987,0.048195920791114594,0.999202641564459,6.245590122331783e-05,0.04584980506161701,0.9996308822707449,4.375031718410095e-05,0.044945791610337356
0.291231,5.018380873132334,-5.399660918147672,2.055033811112535,0.8209844277850423,-0.5558123042703492,-0.10219645025309837,-0.0813211845202424,-14.310447844474474,-0.835647460157201,2.850324540584931,-0.717232527198145,3.237256757040809,0.2999904123410234,-1.2053813607518713,30.12985484943581,1.9520012727966491,-0.6819229960033311,-0.05461839246438541,-6.22767627529638e-05,6.878927044479532,6.878935637243429,6.879260355292575,6.879253879938612,0.9984259910384625,0.0001835559147658006,0.0487175356262479,0.9991415846537519,6.10569107070844e-05,0.04581221566614853,0.9995851586915196,4.5723579225252827e-05,0.04495480413913058
0.3155,4.670594745035762,-5.411071476439967,2.1247789696624575,0.8197308813699882,-0.5597632960138602,-0.06713857691215085,-0.10098882974722839,-14.339701511393237,-0.10441934698456105,2.897698091328884,-0.733782267254589,3.2359312111904943,0.29998890093249025,1.3992816700366038,30.104042492433695,1.99815465749485,-0.681336871577811,-0.13248177029291774,-7.28547681803761e-05,6.879175148910377,6.879183569347533,6.879260140140512,6.879254196765475,0.9982267076670228,0.00019928337143973083,0.04936157237269297,0.9990818084604687,5.9776193283232225e-05,0.04577846182781212,0.9995374189879773,4.773970354224309e-05,0.04496201602656122
0.339769,4.3228656615227745,-5.404734285021147,2.1956926522085123,0.8170239125949336,-0.5629670547344211,-0.031973327618890456,-0.12048952432248666,-14.305742034970566,0.6261823203853523,2.9461917487769034,-0.7503177825276777,3.232715981797417,0.29998713280400313,3.995984269922261,29.89436304405663,1.937731340537639,-0.6800189252303209,-0.15032154218293928,-3.42651175017461e-05,6.879224606485372,6.8792303896523705,6.879259711594935,6.879255093441931,0.9980093074587071,0.0002174002083156719,0.05016147850704246,0.9990232007337113,5.86077267573127e-05,0.04574821615838616,0.9994876135195164,4.980546846097008e-05,0.04496790412806623
0.364038,3.976726302041446,-5.380718731434233,2.2677706660238686,0.8128672395033976,-0.5654193055041669,0.0032343118251006724,-0.13977623793190422,-14.20876260866518,1.3516952308337993,2.9932189793778288,-0.766821312269281,3.229067795033527,0.2999863012162858,6.5670346248029965,29.502547259204423,1.7711571873051615,-0.6783291092003003,-0.15863832013131382,4.790911174758798e-05,6.879243012868304,6.879244389377873,6.879258923654872,6.879255918235504,0.997770935717198,0.00023837174150905362,0.05116009379893526,0.9989656546584113,5.754607530007905e-05,0.04572118679507057,0.9994356881700244,5.1925349492090075e-05,0.0449728053006246
0.388308,3.6336994090826007,-5.339202051858057,2.340946125921163,0.8072686756980579,-0.5671160359801316,0.03842764322274447,-0.15880806246714632,-14.049385792486326,2.0676990773156105,3.036203585001628,-0.7832838314918023,3.225217766545631,0.29998746393311804,9.09524694923668,28.93123432920802,1.4995383574835848,-0.6767361154850187,-0.16431265130837075,9.089876740878343e-05,6.879251548805491,6.879249614954381,6.879257478498889,6.879256321791908,0.997508156477584,0.00026277923961401427,0.05241123546478507,0.9989090681724596,5.658648595166848e-05,0.0456971184475585,0.9993815873734164,5.410079660790446e-05,0.04497696435361757
0.412577,3.2952875380612126,-5.2804680420632195,2.4150899138895894,0.8002388995785421,-0.5680540900530331,0.07355145498513131,-0.17754558648839894,-13.82865123207227,2.7698376039039134,3.0725962131524156,-0.7997076899974186,3.2212300264590286,0.29998966997541443,11.563787154853904,28.184224346527046,1.1246838277177267,-0.675146563007873,-0.16911968263262625,8.636015032776177e-05,6.879255832014264,6.8792514928081285,6.879254742609189,6.8792561455702135,0.9972168008509318,0.00029135562665227237,0.05397984905841927,0.9988533433319879,5.572484047164719e-05,0.04567578921453191,0.9993252583520257,5.632902139071918e-05,0.044980564205669496
0.436846,2.96296303697882,-5.204905159841169,2.4900115394050406,0.7917912300667604,-0.5682312932635157,0.10855107207209573,-0.19595026785714428,-13.548007123276234,3.453846779956458,3.0998914137887112,-0.8160929713022996,3.2171256234657255,0.2999917658690088,13.956237857016152,27.26648005430812,0.6490921101426579,-0.6733095510637574,-0.17377580691073222,4.822095583347477e-05,6.879258130110716,6.8792512162021495,6.879249754135662,6.87925502853173,0.996891766336963,0.0003250345139687385,0.05593836631520585,0.9987983857202283,5.495761175965238e-05,0.045657007503941895,0.9992666571387285,5.8601213297077046e-05,0.04498374537359233
0.461115,2.638158249670362,-5.113003942902932,2.5654604088245514,0.7819415930628322,-0.5676464470826045,0.14337213803765808,-0.21398430667335488,-13.209300099091363,4.115583016742361,3.1156443738128035,-0.8324336697578943,3.212908219962211,0.29999293615405415,16.25669207548855,26.184100188956673,0.07593724045468597,-0.6711018802188081,-0.17866720656542798,7.497044805396611e-06,6.87925938336324,6.879248791463754,6.879241753231961,6.879252090231923,0.996526747870882,0.00036501846608096776,0.0583552389778374,0.9987441038948478,5.428182538045969e-05,0.045640609214770755,0.9992057569651728,6.090017355576915e-05,0.04498661875649789
0.485384,2.322255991536212,-5.005353749571714,2.6411274967709493,0.7707085267405389,-0.5662993152442625,0.1779605651099077,-0.2316106363780604,-12.814762842533332,4.751050737113828,3.117487311501508,-0.848720789761335,3.2085721059983197,0.29999311810149315,18.4498505246754,24.94428231656539,-0.5909502143535171,-0.668434405201888,-0.18449267453486404,-1.5036829461263681e-05,6.879260063901854,6.8792440488894995,6.879228587275798,6.879245113540354,0.9961138724603268,0.0004128754105553353,0.06127117638217649,0.9986904088688182,5.369502602963255e-05,0.04562645523801896,0.9991425593879266,6.319757724615474e-05,0.04498927393161172
0.509654,2.0165803546077097,-4.882638841181387,2.71664740999748,0.7581132012728782,-0.5641906474996822,0.2122624960483592,-0.2487929205075235,-12.3669993383647,5.356429043246933,3.1031454100094473,-0.8649431722234465,3.20409461246347,0.29999275316935226,20.52110458317682,23.55528068502304,-1.3471073841745975,-0.6651321652895584,-0.19373928928116235,-2.5000064717402886e-05,6.879260445522436,6.879236808784717,6.879201682174932,6.879226168914851,0.9956431955224596,0.00047067693786718566,0.06466365289504869,0.998637213620168,5.319524865021891e-05,0.04561442929040211,0.9990771078397446,6.545154818213239e-05,0.044991784176691973
0.533923,1.7223878957881376,-4.745633830175592,2.7916008308446543,0.7441795425894968,-0.5613223004087516,0.24622403944366736,-0.2654953916514013,-11.868968111212745,5.928097361485905,3.0704521628732313,-0.8810854118945488,3.1993927107896516,0.2999921464372507,22.456546809808287,22.02637100789255,-2.187469582810011,-0.6611868446108617,-0.21820223787510637,-2.2531760966859653e-05,6.8792606680390636,6.879227341638885,6.879121978579979,6.879156071060031,0.9951019951045288,0.0005412004179307451,0.06841451575616957,0.9985844326263337,5.278099383442493e-05,0.04560443607254978,0.9990095018648725,6.760597487215982e-05,0.044994208922553416
0.558192,1.440859238407092,-4.595198520203942,2.8655173236290863,0.7289348819702767,-0.557697887740785,0.2797898485296727,-0.2816818091189568,-11.323965208471689,6.462660232519564,3.0173639796193163,-0.8971319017052498,3.194097112404303,0.29999159960895894,24.242250156491338,20.367779914465444,-3.106466465109337,-0.6557066989163424,-0.3639155028991947,-7.60053705996454e-06,6.879260807202477,6.879213907086525,6.878634272944325,6.878681431478537,0.9944737638401724,0.0006282312643563927,0.07230948487497069,0.9985319814193246,5.245120700897607e-05,0.04559639973145462,0.998939908176417,6.959368845540185e-05,0.04499659428882469
0.582461,1.1730909043983717,-4.432272205876418,2.9378784597223886,0.7124157554762683,-0.5533281832018099,0.31289095210501117,-0.2973061757288259,-10.735624676146747,6.956970389365509,2.9419724577129798,-0.9130453926476808,3.185265166552953,0.2999914151498435,25.70977888356822,18.555273976724187,-4.115857382540869,-0.5938809155408613,-19.736385668039862,-1.9509453150107666e-06,6.879260910392265,6.879178561223457,6.81403487607361,6.81411729157456,0.9937367365904243,0.0007370272497481424,0.07608626824465538,0.9984797761596351,5.220525968954558e-05,0.0455902625752901,0.998868562838068,7.134533834900118e-05,0.04499897277072725
0.606731,0.9200470182640053,-4.257885478668951,3.0081145379618954,0.6956382492393764,-0.5491219998367942,0.3434685674909955,-0.3107761167779432,-10.111668364473065,7.407292438615457,2.842083804317114,-0.9274584199752358,2.7062784563611326,0.29999136780192004,26.87516016494172,16.977554109615088,-5.118692487085966,-0.40964068292497374,-30.260284681481174,-1.1149019145623151e-05,6.8792609995488405,6.878989345703916,6.778774440286192,6.779046473197768,0.9928616796334488,0.0008750569569754374,0.07950836129791662,0.9984277335124065,5.20426472286546e-05,0.045585977651699236,0.9987957598851639,7.280295290417783e-05,0.04500136379498723
0.631,0.682508789689149,-4.07304979175741,3.0756301144053095,0.6804867484359329,-0.5466548391546993,0.3685711573437145,-0.319783628214257,-9.459429156656542,7.819324455360891,2.7178571239050466,-0.9374000803367224,1.9718849127387093,0.2999910972239078,27.83122942981933,15.79248609249476,-6.0170739656800984,17.021548043742634,-1.4530783900333897,-2.3703394335372148e-06,6.8792610739666,6.821154807655529,6.81682276313942,6.874929110042031,0.9918084034218434,0.001053276211605437,0.08242080377522032,0.9983757701693275,5.1963343079031456e-05,0.0455835162000809,0.9987218261480375,7.393373712636038e-05,0.04500377646925189
0.655269,0.4610936303911175,-3.878571835399723,3.1398577620435004,0.6678348313505146,-0.5435929599714641,0.38940156612582427,-0.32690938667862973,-8.783986892333031,8.202595794218215,2.5718274246339643,-0.5243003650708709,1.9366198318166234,0.2999910396976157,28.685441155498076,14.638662736182303,-6.70677651307239,0.6991165714221615,-1.1483403556600855,-1.5768151767655288e-06,6.879261137330378,6.875584941274602,6.872118182561374,6.875794432228867,0.9905199824926074,0.0012884209292359932,0.08476405914611972,0.9983238013950448,5.1968774282717356e-05,0.045582888836068154,0.9986470880071997,7.473814083780354e-05,0.045006214750175424
0.679538,0.25632651434637743,-3.675129592863665,3.200331017567413,0.6563389882200606,-0.5385668475522082,0.40888950191987194,-0.3346255420173682,-8.087813574655982,8.557864738773043,2.4090591816526565,-0.5073333503287363,1.908750505670001,0.29999100142953933,29.338053391126394,13.401243445824184,-7.363777364815038,-0.18289249140064634,-2.9747321458423515,6.121335242733904e-06,6.879261197742028,6.878559915692153,6.869000943662221,6.869702017586698,0.9889129231527839,0.0016070593398235151,0.08655436201747164,0.998271739933867,5.206146117789879e-05,0.045584137212764254,0.99857183962651,7.524838068971393e-05,0.045008683808341464
0.703807,0.06865133917813954,-3.463429992218438,3.2566607520509345,0.6447506583505529,-0.5333796773271248,0.4277163430131611,-0.3418500156074426,-7.375801866250648,8.883102480807526,2.230346039647662,-0.5117720086650821,1.8365560731024297,0.2999911499895786,29.68068331611322,12.1845968850666,-8.02160314608694,0.021352488408878875,-30.042647582175725,-1.8964706161599763e-06,6.879261258687476,6.878159746419627,6.778375820765516,6.779477397513366,0.9868596774698861,0.002053245682897805,0.08785460337506532,0.9982194957934502,5.2244140416757645e-05,0.04558731467536047,0.9984963211080193,7.551851849054683e-05,0.04501119553803541
0.728077,-0.10163392667273649,-3.24420866527081,3.3084571469844564,0.6349294838140651,-0.529614840222293,0.44322054072858436,-0.34630653799154765,-6.655474796393472,9.178813158292032,2.0356679782217304,-0.5112538003999315,1.1074444123923786,0.29999110396371365,30.153434223525924,11.435803309354712,-8.556723336308865,12.125273466940124,-0.3145670990511277,-1.7139448699491902e-05,6.879261314830925,6.838071599818442,6.837277628839659,6.878467926593398,0.9841552703707502,0.002704407099135862,0.08874988645007219,0.9981669762516633,5.25195417868735e-05,0.04559248149226463,0.9984207100898426,7.561101817678366e-05,0.04501377171860293
0.752346,-0.25429155951538474,-3.018042264424329,3.35536348436941,0.6278443232825167,-0.5261162510806706,0.4551304479961927,-0.34909807471065324,-5.923674430174414,9.456351198826916,1.828002966511042,-0.21698285607445872,1.0998101138716987,0.2999906880026413,30.51717386533891,10.712911144017438,-8.928388096650998,1.9472274344118203,-0.07086430737747107,-3.946256559272339e-05,6.879261355502929,6.872002042264094,6.871900500952985,6.87916115591905,0.9804477979945512,0.0037074723761990353,0.0893302141323538,0.9981140844415084,5.289181015501544e-05,0.045599736745775846,0.9983451228700241,7.558721981857393e-05,0.04501644536385828
0.776615,-0.3890809100856586,-2.7853515797911195,3.397114405178541,0.6217494027505828,-0.5212261973867158,0.4661915433426469,-0.35272704835634117,-5.183046386115615,9.716345209470903,1.6113179405057003,-0.1697251626704157,1.0980902923181646,0.29998973027690634,30.79110364814979,9.946352616845772,-9.24429967827117,0.9732594537252443,-0.042349502888359314,-7.465504755390238e-05,6.879261374945971,6.875250178066943,6.875218280646185,6.87923201579683,0.9750779996903246,0.005369798304226562,0.08967939400467562,0.9980607176845661,5.336675694226612e-05,0.045609224668910514,0.9982696212517055,7.5501618318557e-05,0.04501926140145956
0.800884,-0.5058140474912677,-2.546576288585233,3.4335124880743546,0.6157651172011097,-0.5159725172480585,0.47699977404946253,-0.35647845913811804,-4.435770279554439,9.957735441628031,1.3869659864347617,-0.1461049136671826,1.0970625028632999,0.2999879184570408,31.03519516590234,9.168263424471625,-9.54526081594709,1.031067834876492,-0.032306625058345216,-0.00013829525197805661,6.879261365480251,6.875059197032685,6.875042668541997,6.87924953902813,0.9666536966440739,0.008424303046250796,0.08986944441169041,0.99800676697318,5.395071138609727e-05,0.045621109600186706,0.9981942226056676,7.539864603785448e-05,0.045022277271282746
0.825154,-0.6043384078364197,-2.3021713879746013,3.4643764747058325,0.6098190897627228,-0.5104411489540588,0.4876036345035054,-0.36029599112933386,-3.682570261946908,10.180242055033494,1.155309939929897,-0.12108170027245048,1.0962784462323456,0.29998456213897456,31.2227634607084,8.369172856153705,-9.818565050584363,5.768170791191404,-0.013724572061301224,-0.00025997686755010064,6.879261318373211,6.859271312841982,6.859256903758624,6.879255748503349,0.9516657037108839,0.014987992933189908,0.0899587151316965,0.9979521161577922,5.46508153876918e-05,0.04563558281716948,0.9981189095729406,7.531303272694686e-05,0.045025564853018334
0.849423,-0.6845270033296453,-2.052600907345408,3.489535044018364,0.6042692007925112,-0.5042052724601256,0.4977477061505658,-0.3645311942915621,-2.9248181078957254,10.383355362648235,0.9170210124896749,0.01890731279043208,1.09594536155661,0.29997825270285955,31.382445454694814,7.539313574958734,-9.98576248208679,12.024912334876964,0.03136030189880169,-0.00047442089379289107,6.879261221277963,6.838418974286377,6.838400077029182,6.879258454331157,0.9182972511646553,0.033368452546228555,0.08999167495383668,0.9978966408923718,5.5475265420393854e-05,0.045652867750075245,0.9980436385039899,7.527106895072771e-05,0.04502921413096927
0.873692,-0.7462778986117373,-1.7983433686450738,3.5088534988751303,0.5999210706344786,-0.4962902903435167,0.5068406413152654,-0.37000434516043307,-2.1631905962049585,10.56632863177227,0.6746743335941013,0.31074257059829163,1.0967064516614438,0.29996673887722874,31.669839035131044,6.697338109527004,-9.994301384960984,-0.08628435936742376,0.06043340484173418,-0.0008264383171074688,6.879261051452543,6.878794617812544,6.878765257023324,6.879259789566104,0.7974780202254109,0.12081923093924446,0.0899993741314837,0.9978402074776275,5.643341474443639e-05,0.04567322098404002,0.9979683464734892,7.5292030500671e-05,0.04503333920715632
0.897961,-0.7894592605073312,-1.5398914523429634,3.522282781436547,0.596322051632253,-0.48721306848610707,0.5151935975970133,-0.3762964098091178,-1.394588266128558,10.728867812049813,0.43212042217555463,0.3086485163915309,1.098173123333639,0.2999466818628723,31.842949394281327,5.818315326821415,-9.973061733640842,-0.05797107965450439,0.061154986589599336,-0.0006710620528948588,6.879260729029124,6.878696290542018,6.878673214634938,6.879260469231843,0.17591898700467087,0.62155903322074,0.08999998597379744,0.997782671224801,5.753625282642525e-05,0.04569694020050991,0.9978929561549806,7.539031850854913e-05,0.04503808841959343
0.92223,-0.8139350736836155,-1.2777534260727959,3.5298321172562948,0.5925812020201782,-0.47804208412500226,0.5234595595264301,-0.38250930546160555,-0.6217846824475631,10.870073793941716,0.19008198055388822,0.3072416034340615,1.0996573072329134,0.299930395709447,31.80518717049244,4.884787659857274,-9.883990161568171,24.441614836391444,0.13220252031759672,0.0010187582507981978,6.879260098137781,6.797000170091903,6.797035559110621,6.879260849375972,0.07651668945514847,0.0994022975495224,0.08999907061540692,0.9977238746704343,5.8796554366610794e-05,0.04572436014400529,0.997817379744014,7.557641096669136e-05,0.04504365948974655
0.9465,-0.8196658534738097,-1.0124604288693195,3.531522983797242,0.590401531824793,-0.4666329116460585,0.5302442517097496,-0.39053909526449126,0.15010244146990695,10.988623786353422,-0.04979476337923988,0.9004205612822964,1.1028657594465594,0.2999551201788224,32.130871616860084,3.9220166344989624,-9.503977225736786,-0.1481058632981368,0.19347458537977366,0.0008074313571251896,6.879258856367295,6.878965256198126,6.878994933623814,6.879261081126841,0.0469745922151795,0.02954209723996897,0.08998937633551282,0.9976636461707272,6.022849970718769e-05,0.045755829718073245,0.9977415231679447,7.585657606926582e-05,0.045050322273361025
0.970769,-0.8065664118035342,-0.7445701285884946,3.5274935008686454,0.5897081701597564,-0.4529550057188331,0.535519328963806,-0.40036867954470917,0.9298936732696473,11.083808075750358,-0.2804488892998427,0.8968261473194515,1.107561236962833,0.299974715909062,32.232551121911484,2.8996118697572832,-9.059649681232768,-0.21194818606699173,0.19167065901157046,0.0004514421949699223,6.8792559162571285,6.879177864496447,6.879198503186691,6.879261205912744,0.03333611599952011,0.01363847621565939,0.08995014396736431,0.9976017974100331,6.184876069405422e-05,0.0457917087356866,0.9976652877699099,7.623539803481206e-05,0.045058459190346484
0.995038,-0.7745102504131332,-0.47467038999997807,3.5179976833246953,0.588776412110214,-0.4391441271831268,0.540681985376411,-0.41007042956706163,1.7121525874727253,11.154179397718254,-0.500319531741288,0.8916823299010602,1.1122129345909817,0.29998567205956733,32.29605484499103,1.8680786892210794,-8.628444325499427,-0.22619837108867905,0.19286767221533158,0.0002719361243479651,6.87924520622059,6.879214417608501,6.8792396979954455,6.879261240779306,0.02558021967640379,0.007755896323116319,0.08984601286290284,0.9975381204934411,6.36769165919945e-05,0.04583232449795041,0.9975885716512177,7.671611869208313e-05,0.04506863080395201
1.01931,-0.7234487153599405,-0.2033661697606615,3.503293437502961,0.5876017937488238,-0.42521074052671654,0.5457355467817073,-0.41963396611216236,2.495952687580579,11.19951621271465,-0.7097251560059619,0.8861926715897127,1.1168936827973959,0.2999922717375314,32.32149492697766,0.8288739108449155,-8.211346284762726,-0.23237626843149498,0.20885642508338728,6.959260302634763e-05,6.879184497970915,6.8791743191098575,6.879253341936471,6.879261154649026,0.02061121865201331,0.0049690010243904825,0.08962581819910002,0.9974723851946751,6.573529876604772e-05,0.045877861520161864,0.9975112723818386,7.72992693792213e-05,0.04508168587476294
1.04358,-0.65335560937798,0.0687326424574854,3.483630626013722,0.5861825291713421,-0.4111592560600315,0.5506816321051451,-0.4290545922424126,3.2803701986664477,11.21963233703433,-0.9090081356425747,0.8805530805209744,1.1219624655844649,0.2999939606958107,32.2580816752732,-0.23620247632250133,-7.81842924367017,-0.25163615375252346,6.739241380869548,1.4194881111072093e-05,6.857411327525054,6.857407269669103,6.879257362606557,6.87926093783655,0.017173920688322762,0.0034372979636905446,0.08922175665613365,0.9974043351637504,6.80500309246788e-05,0.04592818166856407,0.9974332895859209,7.798279591763032e-05,0.04509895648927862
1.06785,-0.5642421085505299,0.34100910792064354,3.4592487762885002,0.5839806431713983,-0.39657479921102745,0.5560798208837898,-0.43871433101219337,4.063248719517358,11.213899886879787,-1.0987553246812163,0.8744460670343852,1.2855186056247643,0.2999943051945208,32.25572383691887,-1.386255948137785,-7.460429549739388,-0.270178958191755,0.2894424505998743,5.930667793719823e-06,6.878905636750546,6.878903825805201,6.879258926851196,6.8792605361538355,0.014665947742958811,0.002507972945363953,0.08854978245138904,0.997333683646109,7.065151764139947e-05,0.04598244502812518,0.9973545297365968,7.875984932410564e-05,0.045122584470552514
1.09211,-0.45612731307711146,0.6128109838065408,3.4303690877685087,0.5809642662172443,-0.38144219583254074,0.5619172592359941,-0.4485881861873815,4.846070017467607,11.180256534583647,-1.2798141399451568,0.8678890341245102,1.2925431484936847,0.2999944491272096,32.15886214540158,-2.559506621849734,-7.1298703021440595,-0.2720101640521853,0.1956375056037229,-1.7249738269046493e-05,6.87921250510666,6.879213072347406,6.879259702521794,6.879259721772149,0.012762969237366762,0.0019029785055920479,0.08751265328077809,0.9972601083757,7.357527040907203e-05,0.0460384707891628,0.9972749151716145,7.961456498238381e-05,0.04515596671794052
1.11638,-0.3290403651215018,0.8834509634946507,3.3971934971119433,0.5776623616429111,-0.366182846851356,0.5676241053019477,-0.45827850493940614,5.626540557597055,11.118139302121005,-1.452850539697347,0.8612875592744784,1.2972911183993907,0.29999403048949524,32.01630283317308,-3.7336580561254498,-6.8178928067442,-0.27429061199197435,0.18512808194673924,-0.00013704392373815007,6.87923888707224,6.879245863720764,6.879260070119721,6.8792577529646035,0.011275141406944874,0.001487827830421889,0.08600758283467262,0.9971832454496257,7.686292607427369e-05,0.046092209590254875,0.997194402861072,8.051231054254309e-05,0.0452037125353475
1.14065,-0.18305178241713488,1.1522376048632417,3.359911241785248,0.5740852806520083,-0.3508087017389621,0.5731900201302281,-0.46777402722008765,6.403551294238668,11.027526328734458,-1.6183154885927855,0.8546307397288769,1.3017840327772945,0.2999907045401909,31.828861338054,-4.906465963818359,-6.524850664483157,-0.2777967362678227,0.18177806327641477,-0.00034732680149488995,6.879236714238523,6.879255854130352,6.8792600201263765,6.879252689345798,0.01008407318047526,0.0011910682264696145,0.08394086986757242,0.997102680687122,8.05647625036764e-05,0.0461402462357009,0.9971130141696353,8.138869143669445e-05,0.045268123884730484
1.16492,-0.01825876237798074,1.4184796373571942,3.3187005222767816,0.5702360922824541,-0.33532608384285983,0.5786126887020812,-0.47706872400207045,7.176012971766286,10.908450220767882,-1.7766685329059946,0.8478888292775413,1.3061956448109409,0.29998227518920395,31.596851123964036,-6.07600062754969,-6.2512502170623,-0.28631902229681117,0.1811545768782632,-0.0007165899683157407,6.879208120990242,6.879258902635179,6.879259529821958,6.879233112235943,0.009112165683169299,0.0009719074973059607,0.08125185602148664,0.9970179337218649,8.47469652571762e-05,0.04619043267150043,0.9970308383282465,8.21758413887629e-05,0.04533932043902877
1.18919,0.16521515045077834,1.6814871536819012,3.273728239760135,0.5661168921509184,-0.3197412467903854,0.5838911350427222,-0.4861566993625849,7.942843942078965,10.760990417303143,-1.9283815074302684,0.8409400895811251,1.3105921253152524,0.29996488410872685,31.11484129838602,-7.158524152631229,-6.110894600729148,-29.752417828407733,0.1017141205303639,-0.0003026822229590589,6.780998600513438,6.879260097851787,6.879258106742903,6.781006900600135,0.008306472013196705,0.000805693669972594,0.07794592261755208,0.9969284382218947,8.949549997024104e-05,0.04626363640191011,0.9969479510489028,8.288727934360227e-05,0.045398957539723124
1.21346,0.3671569044623707,1.9405919798082705,3.2251290825482597,0.5603812157718453,-0.3065200561395612,0.5911539742216111,-0.49249905729006654,8.697976909296395,10.587258610914194,-2.07668816044993,0.1188720789747618,1.313060647809307,0.2999575382468934,30.438998837003208,-7.921125466348273,-6.643456745866904,-97.1389903670975,-0.2324356603448442,0.0014183950624543696,6.556405883402513,6.879260613591397,6.879251805961861,6.556348850340854,0.007629648213929974,0.0006768237992667315,0.07412837114384029,0.9968335305206881,9.490770120659958e-05,0.04637298605811378,0.9968643474191428,8.360362975999942e-05,0.04544199260493773
1.23773,0.5872169453716469,2.1952353011859236,3.1728279891144178,0.5487532129140648,-0.3036366065501462,0.6074050349604087,-0.487579572024507,9.436707706297325,10.395019064527197,-2.2379196819922673,-2.238615568960523,1.3074196153450839,0.29999196159046526,27.562698565383663,-6.175821448760901,-7.944167967104009,1.0359979600139226,-515.6737330445238,8.119151456724576e-05,6.879250259960158,6.879260540209625,5.161911391745628,5.161898350984666,0.007054633963890055,0.0005750142500399187,0.07001675781178544,0.9967324349636417,0.00010109555704642451,0.04652257353655054,0.9967799641818843,8.438323725853647e-05,0.04547350334754444
1.262,0.82431927342893,2.4455161826020784,3.116183678476666,0.57793875168092,-0.34441109680456844,0.5876053355352046,-0.44953992501103174,10.105632935662946,10.245136687468447,-2.4307184519279534,-2.2134727052681056,-11.20758029790208,0.29999393204529484,30.848539964168886,0.6212462946484935,-6.610071291486972,2.7493111189327446,-155.82352149921843,2.675347660117984e-05,6.879255824225074,6.879259750438152,6.36137563957132,6.361370803740037,0.0065614224295665,0.0004932115343235541,0.06590305405181276,0.9966242430547867,0.00010819190885497954,0.046716752791292906,0.9966947263370124,8.523784487187206e-05,0.045498441767996216
1.28627,1.0786836252306315,2.6938612563730664,3.0551465117774046,0.6561004676931744,-0.4240472710149571,0.5016891901835316,-0.3715119154959686,10.854302976884615,10.260213851235793,-2.591139734491854,-2.146749065474023,-14.989295815058759,0.29999458133133733,29.57283706683093,11.42676342174651,-4.218447583724087,3.145583820240121,-0.44068697244633204,-0.00016474129551391188,6.8792381983526765,6.879251733086472,6.87925594763509,6.879248014105341,0.006135336655423639,0.000426085774142862,0.062048960146590254,0.9965078305186005,0.0001164125361862661,0.046965308808165955,0.9966085751109696,8.615122604277187e-05,0.04551965332478773
1.31054,1.3510409601761,2.9457102625829026,2.990911901235788,0.726388552049945,-0.49898651110298475,0.3855318652692767,-0.2733749071042791,11.572012702258403,10.537532500738358,-2.69351817217696,-2.07040819582182,-14.99999094468922,0.29999058318838967,22.29033159475651,20.481680438025485,-3.0769365993975555,-146.5521743805247,-0.00018774029573423212,0.00022403791757273173,6.377556145386083,6.876558288122704,6.87925554789302,6.380245787867203,0.005765661473057207,0.000369675182366432,0.058621592417672196,0.9963817521851105,0.000126078333490002,0.0472854681420046,0.9965215135329507,8.706157801875847e-05,0.04553812249432316
1.33481,1.638836840073561,3.207061328641066,2.9246309296994255,0.7608297964821101,-0.5724990443628324,0.2611501499412859,-0.15868122091111392,12.11298169117245,11.034606934589565,-2.768193027239245,-5.6271153385920565,-14.999995500999992,0.29999602041417667,2.9997290120475313,6.155463585903753,-7.967416644575884,849.9246792080605,2.431783702151499e-05,-12.008819036596558,2.8282145655732425,0.2046832092210024,1.309741029772578e-05,3.031844301006821,0.005444101030117077,0.0003215604429401296,0.05571221698333104,0.9962442220415014,0.00013753014360903348,0.04770036181509363,0.9964336725595987,8.784097335209955e-05,0.04555322861453988
1.35908,1.9338059520546875,3.4766399804603707,2.8550432299502684,0.8281926600895096,-0.5452049352461663,0.11519996890251366,-0.05993633944019661,12.185782778216181,11.183995242170727,-2.9615560244719585,14.999894735696733,-14.999994910825025,0.008551334422713547,0.03930787634185375,0.4145368272732675,-9.523805002407181,0.0036873771713592527,6.44567575176274e-05,12.008709659485097,0.2095508616836498,0.010792263169074306,0.20954325543132218,5.725523404461575e-06,0.005163155718557686,0.00028094531155939124,0.05337572570317125,0.9960932924333828,0.00015092960811865995,0.04823179846080325,0.9963453002875718,8.837227202679894e-05,0.04556400451809426
1.38335,2.2295658682625925,3.748193269314796,2.780356080489217,0.91981565151075,-0.3888954038628129,-0.047596034954183235,0.02109605188179435,12.186736749763469,11.19405572814261,-3.1926913550912084,14.999984225469088,-14.999993346509717,0.2999933659168604,-0.013631400249583177,0.02691909211245861,-9.762530101464876,0.0003406023612167311,0.0002406339516284054,-4.5030602828790454e-05,0.010504195493454795,0.021003567639511236,0.010503863681197784,6.0225756371307e-06,0.004915994655840247,0.00024716106271743945,0.05157811751854182,0.9959268940736861,0.00016639835969677443,0.048904090733580055,0.9962566634442608,8.863684331111573e-05,0.04557048757360957
1.40761,2.525325262278918,4.019873086333101,2.6999965785512723,0.9508643787016393,-0.2068788151901357,-0.20640462681655453,0.10228442373897571,12.186405926295045,11.19470903354458,-3.4296203579542586,14.999992491623146,-14.999987506511108,0.2999922730591979,-0.027468719451968302,0.006270807373915953,-9.760990783955503,4.935026370169186e-05,0.0012455509880785168,0.0001750354587954383,0.010513191535549906,0.021009836066893994,0.010517164500436483,1.4568763493493029e-05,0.004697064573121928,0.00021893008271831925,0.05020876036420929,0.9957425899712307,0.00018430410245528784,0.04975726868635445,0.9961680212729274,8.864217133336912e-05,0.04557296612199557
1.43188,2.8210722743654153,4.29156290177593,2.6138879614488495,0.9192462830733124,-0.011228574983256022,-0.3516092658181539,0.17673140314351732,12.185739281865574,11.19486122115607,-3.66651200278012,14.999993689315614,-14.999957277958616,0.2999965210334717,-18.15801000502766,-8.548879336193345,8.946742078933266,-4.6887128893643826e-05,602.2835542309246,-0.0011919998637275366,4.8767599350809085,4.882164151738675,6.879252022731056,6.873888334068656,0.004501937066876126,0.00019512750624580186,0.04916268045031122,0.9955374324061878,0.00020515756504304843,0.050845824363387214,0.9960796332376409,8.838803528649074e-05,0.045571595041974104
1.45615,3.111405041599122,4.561254215091117,2.5277088912902976,0.8679116820628197,0.16836500438330776,-0.39742514189930483,0.2458437941060691,11.745058519834126,10.987386577219567,-3.4493815399181944,14.99999255140151,-0.38300445306184805,0.2999675921250647,-16.024619078503644,-20.269868284423165,9.403588339476604,-0.0005444984170126076,3.15931840332386,0.0010059271062584758,6.878984119022213,6.879210084152797,6.879258940359845,6.878998773707649,0.004326792754465313,0.00017514431241081365,0.04836766628138002,0.9953083137141157,0.00022911869207202916,0.05221044611061329,0.9959917933112425,8.78399263983424e-05,0.04556607839952481
1.48042,3.3913559697082603,4.82235654878309,2.4468927363341417,0.8205346191088143,0.32225693482629925,-0.35057691535960217,0.31618365847386753,11.356153494183001,10.495452659384771,-3.2211637740879526,14.999979336848964,-0.30633025577419126,0.29999200519255453,-7.477412262316608,-27.225819546330808,5.632945163409404,-2.326249246059494,3.1479581182967316,-0.00035822663265431724,6.871304704977626,6.879252626186521,6.879259912554536,6.8713241710511515,0.004168221056371587,0.00015857169809372517,0.047768830151172295,0.9950522275528209,0.00025608616129478085,0.05386997354827362,0.9959047393440207,8.705396722188868e-05,0.045557273537355475
1.50469,3.664305632397211,5.069313085244269,2.3706121974067416,0.7465088046304189,0.4649447759754451,-0.29150683247326775,0.3762673257477003,11.174682521710324,9.834703221462568,-3.084456581702592,14.943523079244484,-0.2299317637571706,0.29998331131115374,0.7486827587265101,-26.317099139578353,-0.22453264093535574,-548.6958129928782,126.54223147946347,-24.720764963634664,4.62966283359932,6.879258807011646,6.879259350466487,5.470169385817739,0.004023453300273083,0.00014476775609850346,0.04731315827380116,0.9947656710125716,0.00028655654024921595,0.055865139569196996,0.9958185634769345,8.617586708614822e-05,0.04554714553550169
1.52896,3.9354724675181108,5.30028288456258,2.295796255855862,0.7002707651489943,0.5311018553175009,-0.240772609269571,0.4118014892669791,11.19285246921801,9.196007720134206,-3.089905814040328,1.6271030020324941,2.841149647812132,-0.29997040273341863,3.715212955168119,-29.358355515363222,0.645388226121834,-125.97491479827876,-126.18643766209424,24.721031405761497,6.879244572168523,6.879260349850663,6.879253388666936,6.038722543188906,0.0038903615795013225,0.00013309172077176107,0.04695888829275744,0.9944440751440023,0.0003215958685692875,0.05825390527080541,0.9957332540053566,8.530947157796921e-05,0.04553707202839487
1.55323,4.208178756317458,5.514800748677753,2.2209609804448944,0.7033188765270179,0.525327455012701,-0.2291559169047663,0.4205486794766184,11.28301779436869,8.483503294984192,-3.0742427443969724,-1.4302100754898286,-0.22129692488876243,0.2999897776540766,3.3525232072006053,-30.13349751473127,1.5401767463442209,0.04498369113596169,-0.32530224747621683,0.0002047252600464996,6.879256165912972,6.8792604072433585,6.879180288232698,6.87916908624347,0.003767284986733408,0.00012307659276791455,0.046678035186557595,0.9940814990789767,0.00036257606502558196,0.06107489243732181,0.9956487471920128,8.450681334380755e-05,0.045527734398766596
1.5775,4.483046897108031,5.711811532516588,2.146782118650533,0.7101615940002367,0.5133573457070736,-0.2402491482505706,0.4176303340411708,11.364380921785637,7.752186777161605,-3.0368638541962203,-1.4291183563376035,-0.22919175710158032,0.2999947461767054,2.2834357520428594,-29.974382552179474,1.9244052887415652,0.0825609108304465,-13.584051469942008,-9.74667120709767e-07,6.8792592293594055,6.879259858898207,6.834979432781956,6.834978836381837,0.003652854044905658,0.00011443094182775018,0.04645281933911917,0.9936705184206917,0.0004109806582850781,0.06430019251956727,0.9955649506151423,8.379657687050064e-05,0.045519496490938186
1.60177,4.759578392147517,5.891121246782347,2.0736297370291346,0.7162638255598491,0.5020847659405056,-0.2527153872684021,0.413535918872786,11.419798129231909,7.024731855567268,-2.9901600364945464,-1.4271146673271504,-0.5588661075172353,0.2999947225222934,1.131878291847172,-30.032677472106826,2.225501009230181,0.1188089582828889,-0.31860441747690427,-3.211738717596267e-05,6.879260164683369,6.879258586807493,6.879193980610134,6.879196650477174,0.0035459303619530453,0.00010692368295261294,0.04627028148728071,0.9932018619218644,0.0004686564988273114,0.0678232637897762,0.9954817644664377,8.318614870453622e-05,0.045512447099291795
1.62604,5.037119444104023,6.052759421312911,2.001705705330383,0.7215897191389408,0.49150768762326436,-0.2665422642267233,0.4082691450205215,11.447267933909842,6.295862161664234,-2.9361488601388905,-1.4242312664336731,-0.5665983886119936,0.2999939430583185,-0.05393216004748627,-29.973117611948076,2.425839483121728,0.12218756122420564,-0.3038974802427731,-0.00017009189440770375,6.879260529830853,6.879255319843838,6.87923533591153,6.879246329022955,0.0034455608786329007,0.0001003694833201449,0.046120852566691045,0.9926638214114331,0.0005380405104314086,0.07146782719405911,0.9953990856252435,8.267884119426938e-05,0.04550662071321907
1.65031,5.314978116515861,6.196724274346011,1.931152982623914,0.7266145794445378,0.48081710704612196,-0.2803250368337407,0.40282010797455264,11.445959042385873,5.568437939184223,-2.8772756250381244,-1.4212658694779419,-0.5739737437933016,0.29998981506050254,-1.242182418237856,-29.87759140716986,2.595483942475034,0.1267424496957584,-0.3009930017914965,-0.00031463102851072785,6.879260552340117,6.879247746600249,6.879232853180677,6.879256356375515,0.0033509397684547506,9.462111017814992e-05,0.04599744025943927,0.9920414168325532,0.0006224045788798565,0.07502459469597039,0.995316807206861,8.227841838240358e-05,0.04550205579750132
1.67458,5.592455158516306,6.3230614821575895,1.8620805370430504,0.7313358916872901,0.47001635452525425,-0.2940570377991162,0.39719378354017076,11.415812242461236,4.843332063301884,-2.814285251021721,-1.4181899289261857,-0.5812786095444981,0.29998217921046366,-2.4309423324201553,-29.74629352147558,2.7342254050901316,0.13493309200542591,-0.29987167385246777,-0.0004004133431206787,6.8792603641077354,6.879226806386051,6.879211941111972,6.879259112887321,0.003261380566278983,8.955920217576815e-05,0.04589469252261104,0.991315183441185,0.0007262333913682112,0.07830307879286592,0.9952348189036672,8.19883031938433e-05,0.045498787043408935
1.69885,5.8688504520639775,6.431837853507723,1.7945791999460479,0.7357504748208828,0.4591101526288413,-0.3077327838207515,0.39139448574127683,11.356815165181908,4.121412684855379,-2.7479277297543994,-1.414915207864145,-0.5885562615398633,0.2999724614904533,-3.6181996362815654,-29.579368985782278,2.841742330945737,0.1643406906734936,-0.2981263445871793,-0.00029854389065423555,6.8792599594046395,6.879131712213358,6.879121826602707,6.87926022428627,0.003176294060634278,8.508650564470475e-05,0.0458085303314888,0.9904593787891766,0.0008558046520083791,0.08117002396842478,0.9951530068153125,8.181208835469888e-05,0.045496853022476746
1.72311,6.143464161720669,6.523141230787121,1.728721508905511,0.7398536615256952,0.4481060574303957,-0.32134555656087915,0.38542775879788005,11.2690042777302,3.4035444348954593,-2.678960856426791,-1.4109267872839868,-0.5957915557531582,0.29996521606272214,-4.774769677928491,-29.335084034307854,2.8875408548811143,7.137022323728132,-0.2771734789020918,8.45045531244169e-05,6.879259212766462,6.855887114528144,6.855891562384414,6.879260787467926,0.0030951708847719883,8.112317586228964e-05,0.0457358110342111,0.9894392573134471,0.0010201214757294737,0.08356116546135203,0.9950712531578372,8.175365747527976e-05,0.04549629884542206
1.74738,6.415603048106768,6.597093825688683,1.6645539228121304,0.7431943624014931,0.43777593568266143,-0.33449775990964264,0.3796388040989709,11.153124336061946,2.6916047904676854,-2.6088824885894772,-1.2377168135376826,-0.6025183402335975,0.29996726692241743,-5.7980047966719885,-29.088216368731775,2.8401693231845866,16.694286588949286,-0.21487545679427267,0.00029193967625276696,6.879257797704071,6.824028880018413,6.824042118664287,6.879261110400952,0.0030175678775221076,7.760300724988061e-05,0.04567408554719068,0.9882067900256886,0.0012324672877583834,0.08547176774396907,0.9949894360270644,8.18171307728438e-05,0.04549717661081895
1.77165,6.684618491520686,6.653843281276849,1.602078723925808,0.7447694601207439,0.42995942357168765,-0.346281123615629,0.37489029307498006,11.012411274919677,1.9856564320319816,-2.539953790935231,-0.8325594789204771,-0.6077332002328891,0.2999743520710082,-6.655036564557302,-29.08356220863986,2.7604270393068187,0.17258701920055552,-0.17066996109986327,0.0003419906653600136,6.879254733559501,6.879100463259731,6.879118662444248,6.879261305061395,0.002943097401563574,7.447047595853368e-05,0.04562142314310731,0.9866936489056035,0.0015131411200851345,0.08693836916693534,0.99490742879679,8.200723027439608e-05,0.0454995508368986
1.79592,6.94995981201997,6.693463139106903,1.5412568006055707,0.7451120773620765,0.4239313584382782,-0.35710562391982614,0.3708986006007483,10.85089872019566,1.2798210264372198,-2.47296037641034,-0.8283709263689046,-0.6118752272772922,0.29998265191812673,-7.437750174555197,-28.966065853570893,2.5923265340383628,0.14124543764521533,-0.16742038842471257,0.0002964772946225095,6.879245888653245,6.879199746501696,6.879225353216543,6.879261415140076,0.0028714182608502153,7.16791407133586e-05,0.04557629539727327,0.9847991259126736,0.001894522992929858,0.08802055180885873,0.994825097833585,8.233096320499979e-05,0.04550351985102829
1.82019,7.211150536543395,6.715986847582511,1.4820120806414918,0.7452910272315192,0.417884319553128,-0.3678895976796926,0.3668395114756886,10.670390315705577,0.5768371658781406,-2.410046630237821,-0.8249430095940089,-0.615938389723517,0.2999898471911816,-8.214073662899276,-28.834540483688876,2.407408997360755,0.1338906593689629,-0.15804919969253858,0.00012012265232508303,6.879214015784524,6.879198159310462,6.879249677975066,6.879261450278949,0.002802228489032131,6.918977181808434e-05,0.04553747986261323,0.9823682539182762,0.0024308719943975056,0.08878649508237661,0.9947423007462964,8.27970872885958e-05,0.04550921116499217
1.84446,7.467731516446482,6.721487740538265,1.4242405822040063,0.7453092031607218,0.411814277423551,-0.3786321585603835,0.36271322578412346,10.471041144725572,-0.12295467638102435,-2.351620688673489,-0.8216935875602469,-0.6197741207171492,0.2999927624744064,-8.983484996347809,-28.68900021830672,2.2061071053386723,0.13218815126997335,-0.1264800077158178,3.6893352594983566e-05,6.879109600472809,6.879103253459521,6.87925633121575,6.879261423855049,0.0027352596429460322,6.696884608609897e-05,0.04550398840210079,0.9791495997070501,0.003218654211226098,0.08930354218124333,0.9946588858959737,8.341485032273553e-05,0.04551676841575926
1.86873,7.719247503257618,6.710047413062411,1.3678285389047826,0.7451692743210211,0.40571894900095734,-0.38932767355709924,0.3585231550301321,10.253018959872028,-0.8192143697407719,-2.2980801872620207,-0.8184854840721967,-0.6228436920064324,0.2999936578473427,-9.744659055663343,-28.528385696491416,1.9891299038992893,0.13151631983154424,0.06839048573983711,2.3564270296515174e-05,6.878461971678955,6.878458585172106,6.879258764722794,6.879261350044453,0.0026702717035458675,6.498793940016465e-05,0.04547502215744348,0.9747066744055735,0.0044429253014765906,0.08963305104718816,0.9945746912867045,8.419460926920235e-05,0.04552636120309236
1.893,7.965247669512497,6.681756011648644,1.312652666373452,0.7448845108110574,0.39958716041699105,-0.39994989174026613,0.3542841429435335,10.016523673373268,-1.5115760737367463,-2.2498055535556194,-0.8152936854099595,-0.6211839081775223,0.29999422973383183,-10.468316393835943,-28.299718206315898,1.7600091749904998,0.11202532979004586,7.408644206041993,1.617281779740699e-05,6.853996323603111,6.853994522810439,6.879259968407573,6.87926121932444,0.002607048854837216,6.322284870865107e-05,0.045449931134671974,0.9682106029340874,0.006496071471485996,0.08982795217965078,0.9944895432166011,8.514807010332236e-05,0.04553819098422673
1.91727,8.205293172886597,6.636727505870385,1.258578440795871,0.7449076750914586,0.39302904991579596,-0.40967390689088906,0.35043974458435007,9.762465786834786,-2.198388195823995,-2.207091501509035,-0.8125749178971631,-0.4413818828765959,0.299994622235525,-11.167927911948786,-28.11588667301029,1.6435742725502664,0.08441466835299437,3.305868104280084,8.692445568205447e-06,6.867673547073186,6.867672899265445,6.879260658954486,6.879261011219077,0.002545396119444591,6.1652735392625e-05,0.045428181326794964,0.9578777683312083,0.010332834602879114,0.0899319177907537,0.9944032548916653,8.628832493585249e-05,0.04555249518643825
1.94154,8.43896442479331,6.575083155713061,1.205502695097377,0.7454583921388883,0.3858826845024826,-0.41815466437169463,0.3471786559030516,9.491428873583434,-2.8807388697591554,-2.167203233869454,-0.8105262396352759,-0.36115103847425045,0.29999483319440956,-11.785920423978402,-27.819467791365064,1.5728799184197702,0.0471253496334022,11.224898894062639,1.5318944869035396e-06,6.841277507059771,6.841277853037499,6.879261086084483,6.879260688022343,0.0024851364040483354,6.025971539625596e-05,0.0454093334114197,0.9390831782932159,0.01879459003799242,0.08997941590025392,0.9943156244815937,8.763041007147848e-05,0.04556955873638534
1.96581,8.665872701940566,6.496964176896892,1.1533686303794664,0.7468041792222891,0.377960733077847,-0.4249798916592338,0.34470465169151465,9.20539376333497,-3.555895688276913,-2.129030663150456,-0.8093825440991629,-0.08873148385390109,0.2999948703722958,-12.388590314423453,-27.606536566808447,1.6823502710496683,0.01610789760772745,0.8369941526466432,-7.725022233304739e-06,6.875903655314719,6.875905095227525,6.879261359466586,6.879260182204536,0.0024261081413622363,5.902826268609882e-05,0.04539302260296924,0.8954983638641069,0.04358481442910902,0.08999617956393219,0.9942264330252076,8.919145638608643e-05,0.0455897218522998
1.99008,8.885659247750633,6.402520780149668,1.1021886175402618,0.7488142265361329,0.36938873912290554,-0.43042882873377436,0.3428705878408125,8.904732324182556,-4.22588483179769,-2.0882013322246165,-0.8089916179684618,-0.06841828758943923,0.29999468289202214,-12.942147104165509,-27.311040040815467,1.7980290305017184,0.013808615960229684,-0.07718082633754425,-2.0076026439854665e-05,6.878950116630842,6.87895297679619,6.879261532984011,6.879259355403563,0.0023681631886093985,5.7944952752837995e-05,0.04537894603704078,0.7238277563376334,0.17167060752647337,0.08999976307767993,0.9941354417599652,9.099126524246061e-05,0.0456133949440759
2.01435,9.09798563826301,6.2919037564494555,1.0520336805481598,0.7507879424871092,0.3607407399459774,-0.4357450902541538,0.34104223102675063,8.590636492832777,-4.8887025047544475,-2.0445645678932403,-0.8086564936127494,-0.0702914061390616,0.2999941956624949,-13.48858859175579,-26.999749115412776,1.9036161177726612,0.01361339777526114,-0.07153920681972083,-3.373255718016388e-05,6.878929727762617,6.878934733944983,6.879261629173192,6.8792577698977695,0.0023111649528475414,5.6998235761856915e-05,0.04536685258438847,0.16943484027109315,0.5543929160665403,0.08999998632324,0.9940423888068736,9.305295309157795e-05,0.045641077030407116
2.03861,9.302528078189154,6.165291896349055,1.0029693659656445,0.7526678755808666,0.3520634667886877,-0.44102836338805484,0.3391701198125298,8.263278952127722,-5.543965389373609,-1.9983652871811397,-0.8083261070503575,-0.07202760697647224,0.2999933769996018,-14.019752190698627,-26.661276390627954,1.999135978826825,0.006295977553460979,2.5009810473212446,-4.2653481251971616e-05,6.870351138203605,6.870360051508043,6.879261673174694,6.879254210088619,0.0022549870035855337,5.617794926200768e-05,0.04535653040507091,0.07810528858360327,0.09132955168748987,0.08999913758766605,0.9939469857619541,9.540304491955207e-05,0.045673368240031195
2.06288,9.498968734380929,6.022876327279627,0.9550538134517309,0.754622245305098,0.3432288005964132,-0.4459925010386492,0.3373869431595785,7.923030484527006,-6.191013804552356,-1.9498478138286104,-0.8081733085782108,-0.011330744630071282,0.2999923418328288,-14.509079486444934,-26.275421602651807,2.128693659941479,-0.026281543802259603,9.185887026651814,-4.929711338770354e-05,6.848058691352024,6.848077040848941,6.879261688927953,6.8792450155328915,0.002199511751789413,5.547525179612044e-05,0.045347802470967945,0.048209040637330905,0.029896247946272367,0.08999186943552806,0.9938489133144695,9.807244748461686e-05,0.04571100090993064
2.08715,9.687005461073019,5.864869481157015,0.9083493961085999,0.7572630678045534,0.3337746294865797,-0.4496088520072951,0.33615327771284886,7.5709064245286335,-6.8286978245164445,-1.898186076450187,-0.8088111411791916,0.211603579875691,0.29999114543027766,-14.99837613619688,-25.945256407359544,2.4083696803642938,-0.06286747909096739,1.3874934049746674,-5.1906096040133956e-05,6.874020377822179,6.874070914910139,6.879261684405971,6.879212912125276,0.0021446294050594034,5.488234673000979e-05,0.045340519143051,0.03384247986207315,0.014366560775257756,0.08996477157105649,0.9937478161793218,0.00010109713514757221,0.045754869153323656
2.11142,9.866350393024666,5.691482187265433,0.8629770633305269,0.7605203820690325,0.32374769250428365,-0.45200040581052325,0.3353979968234105,7.206907515887022,-7.458368992311304,-1.8397368198575037,-0.8103368859378481,0.2452769642855766,0.2999898857097493,-15.420529663196742,-25.517501860394415,2.7023019443991045,-0.13816872910700645,5.084219264045778,-3.681252255159542e-05,6.8615002252449235,6.861746539688232,6.879261664187778,6.879016601370236,0.0020902368706717774,5.439253438762601e-05,0.0453345563717874,0.025498092851073483,0.008344387010999665,0.08989564616995846,0.9936432964659655,0.00010451971335641342,0.045806080437455494
2.13569,10.036735801368328,5.5029380077031815,0.819107522053342,0.7641267757410303,0.31334018476635894,-0.4536220408664258,0.33489587384343433,6.83266326990277,-8.077658890370834,-1.7741540561203357,-0.813690133392549,0.3686670064209372,0.29998899229849524,-15.817900727711828,-24.995457636959948,3.042478044196823,-12.975625599573558,2.7294038946745225,-1.5841210297843087e-05,6.82651311300445,6.869484133445889,6.879261633041745,6.836291151201455,0.002036236925048962,5.3999945622815284e-05,0.04532981017320118,0.02008357809285876,0.005414514758214722,0.08975257472843218,0.9935349059547941,0.00010839051117138678,0.04586600982872704
2.15996,10.197924805810864,5.299512890038729,0.7769260351944254,0.768743740918121,0.30102350288706603,-0.4549448414274072,0.3338309539108984,6.448775137640711,-8.684279181676457,-1.7003154833577163,-1.1285984617540594,0.43490751338528716,0.29998860784465786,-16.404483985832524,-24.419173696925906,3.4951358708938263,-10.876226149432133,0.24869657040731843,2.393154759311741e-06,6.841602766309552,6.877550198189154,6.879261596288402,6.843314083041538,0.0019825377950076287,5.3699130041333355e-05,0.045326189954449696,0.01630699590736003,0.003776582185498732,0.08949297858749948,0.9934221376960733,0.00011276825872078689,0.0459363600755175
2.18423,10.349632211739538,5.081527267067317,0.7366676252988962,0.7744434547490182,0.28579243242237107,-0.4570004668492814,0.3312259006148501,6.050651086513537,-9.276913510546198,-1.6154912576544331,-1.3925560003957402,0.4409431854733276,0.29998866592466017,-17.136571839752566,-23.719202549633,3.980196816780999,-2.884316255424558,0.2819052383684795,3.7463732242054852e-06,6.868019300758236,6.877322560685997,6.879261558106162,6.869958170801711,0.0019290521875460593,5.3485607461569314e-05,0.04532362375351874,0.013535866927951798,0.002771128979408231,0.08906309948600757,0.9933044153179037,0.00011772237816963514,0.04601926344025489
2.2085,10.491466067626861,4.84935953395733,0.6986106258050503,0.7805194981435861,0.2688790844365263,-0.4595245395016871,0.3276134178159202,5.634759833294828,-9.852560084782933,-1.5188949805420986,-1.4625561097154427,0.44778480607109583,0.2999887568462208,-17.871913434815845,-22.87795467134371,4.427376728841118,-3.5448689235378814,1.4201882335788694,1.7669530319460828e-06,6.86198300380932,6.873473677350893,6.879261518700025,6.867770785082048,0.0018756960379661641,5.33561495798953e-05,0.04532206036287397,0.01142468768901146,0.002111179238940338,0.08839860522138338,0.9931810798568718,0.00012333546103190758,0.04611741201743629
2.23277,10.62299103630959,4.603465373193648,0.6630298867527774,0.7866839882615292,0.2510482444605761,-0.4619972270857463,0.32351452315060786,5.20102241222093,-10.407790228146505,-1.411445995211339,-1.5485873178761242,0.482251668509675,0.29998879972879483,-18.623411942522278,-21.943281784724256,4.87278006123664,-5.529230899882016,2.527491298247726,2.4317646008536284e-06,6.851633891226612,6.86970554777618,6.879261477431274,6.86118973820171,0.0018223878493448752,5.330818862128885e-05,0.04532146138769444,0.009769009098340421,0.0016556785906710386,0.08742704465048957,0.9930513740804712,0.0001297057764005514,0.04623422216819489
2.25704,10.743769509015276,4.3443664704542,0.6301874864687456,0.7931318254270319,0.2318763494870108,-0.46425654294393953,0.3188120626724802,4.749046707604405,-10.940336588440701,-1.293187417867079,-1.6827774458545302,0.5435919140008529,0.2999888587458279,-19.427300038302906,-20.92302534093412,5.347738832922356,-4.664424758420736,1.3198727823362884,3.039530375832098e-06,6.858488010533109,6.873644296596587,6.879261434518103,6.864105045110592,0.0017690482827891034,5.333956655577167e-05,0.04532179767839975,0.008440264336428846,0.0013287447619115755,0.08607315774696649,0.9929144228014175,0.00013695127905368853,0.04637407207058377
2.28131,10.85334350538741,4.072637827375411,0.6003548068177913,0.7998170632336696,0.21122416710269837,-0.46632672669192704,0.31339496401801586,4.2775612649417765,-11.448122119382317,-1.1634019610144353,-1.7959794022588973,0.5756241985597598,0.29998893251286307,-20.242024595615565,-19.789599720922382,5.816754803082582,-1.8464294911515065,2.904701236268812,3.720298184524002e-06,6.862579094088087,6.868306188069759,6.87926139062034,6.873534170148529,0.0017155995387865878,5.3448744002515575e-05,0.04532305137347993,0.007353625380408603,0.0010866389560202443,0.08426844968977598,0.9927692076147052,0.00014521518671227655,0.04654263800283073
2.30558,10.951234675882429,3.7889145966901254,0.573810155974842,0.8065718574283964,0.18949968786784618,-0.46795205114450183,0.30749404519470164,3.7863030917506997,-11.928400293196448,-1.022233851818396,-1.8407908080777446,0.6461190354894787,0.2999890228016028,-20.957903064426223,-18.492657416469285,6.264951505918601,-3.8584857128896783,12.62497242843796,5.77107752961927e-06,6.823554826855215,6.835856817574346,6.879261346409482,6.866959159473716,0.001661964753297503,5.363478548908471e-05,0.04532521542798971,0.006450901504304401,0.0009027238761042014,0.08196606448383217,0.9926145350652985,0.0001546725494067477,0.046747350251641236
2.32985,11.036989527824327,3.493911073985605,0.5508194996669729,0.8140801152775221,0.16628669813067573,-0.46771208357047006,0.30144271374629844,3.277671105621419,-12.377202687292485,-0.8701883576836398,-1.9344332514827696,0.9525172844633253,0.2999891628611601,-21.646545663255772,-16.97904284882926,6.796424782054479,-30.2229248996695,-0.14724126776570137,-2.871059064957366e-06,6.778063960718669,6.878141387197588,6.8792613005138135,6.779183971650903,0.0016080677862198422,5.38969670776609e-05,0.045328288759114634,0.005690876144956125,0.000760025359348276,0.07916048831030605,0.9924489971797457,0.00016553788555285603,0.04699800985818701
2.35411,11.110202552375014,3.1884447770625886,0.5316736227433818,0.8226377099165535,0.13829386564219878,-0.4671307014752223,0.29313975219612054,2.7523262999080815,-12.789270834579272,-0.7052444210289125,-2.667920102295048,0.9489438535607374,0.2999890931827925,-22.731609872299632,-15.256257226792188,7.454263120851221,-0.5330805997889545,-0.16037267108826492,-2.1643735780209942e-05,6.87680976905545,6.877924194711767,6.879261254833536,6.8781475650642365,0.0015538331562976533,5.423462992218881e-05,0.04533227432199782,0.005043554578903903,0.000647321566052223,0.07590860136451882,0.9922709221469522,0.0001780750327934168,0.04730764640715867
2.37838,11.17035131278453,2.8734700877075134,0.5167292337426165,0.8309317796533938,0.10645124354423545,-0.4674140816791058,0.2823908429259555,2.200647830849361,-13.15952831646132,-0.5243352601918997,-2.6808575533083547,0.945051733725765,0.29998856790618045,-23.589827619402808,-13.236340263061209,7.883666058766471,-0.24293139260956975,5.635403985672655,-4.9240452510887495e-05,6.858497576871855,6.8585988073800115,6.879261198057089,6.879161641724317,0.0014991847020046347,5.4648454293018686e-05,0.04533719438343356,0.004486570212886608,0.0005569843660172941,0.07234355800181645,0.9920783100056109,0.00019261214134133544,0.04769377367691602
2.40265,11.21685264607535,2.5500999876586157,0.5063045118585455,0.8386106354605803,0.07416138172282741,-0.46649270317697256,0.2713242544089788,1.6281410854168734,-13.48076398667068,-0.33300482445490387,-2.6867533090209523,1.0818185998126142,0.29998737287874466,-24.381018797407265,-11.157691109467542,8.320226437898633,-0.23654750512484427,-0.03880381722951588,-8.79819979087336e-05,6.877476225146064,6.877509301964915,6.879261111152646,6.879231025721724,0.0014440447192254526,5.513998277918212e-05,0.04534308513402632,0.004002902273572078,0.00048366793931453,0.06866448700704174,0.9918687506769449,0.00020955932866593838,0.04818010102851748
2.42692,11.249220457985295,2.219541677133501,0.5006546089473839,0.8456386094518749,0.041493153609896465,-0.46432273732222945,0.259957799607204,1.0364327462448173,-13.751552460697859,-0.13107940829354267,-2.6924941327558325,1.08087686138744,0.29998523762417256,-25.027369681348524,-8.997621723275781,8.643896701412196,-0.23028704839215472,-0.4970003043962338,-0.00012491670661371747,6.879015763392941,6.879033157467127,6.879260969417121,6.879247822510959,0.0013883340250070314,5.57106942184213e-05,0.04534998568558698,0.0035793927438816423,0.00042350952969043634,0.06509414647861486,0.9916393152908927,0.0002294353860523288,0.04879900459075853
2.45119,11.267032300565917,1.8830451682347544,0.5000059460430939,0.8515741163384062,0.008735084438592684,-0.4616561601196683,0.24823137199364673,0.42903797447381076,-13.969917732904781,0.07870123310079195,-2.698083020081224,1.0688150510453072,0.2999822059929836,-25.56247595296529,-6.7922650586512665,8.85348960941012,-0.22571019077861765,-0.5446896100983232,-0.0001259927494091968,6.879177041430363,6.87918805305475,6.879260736650384,6.879254008779476,0.0013319715192897745,5.6362505717256896e-05,0.045357944315330224,0.0032057301079020948,0.0003736626359795477,0.061822033704628826,0.9913864071326605,0.0002529081582320986,0.049595067681663295
2.47546,11.269940180040438,1.5418967187805166,0.5045158324250939,0.8563722521078236,-0.02405304305159026,-0.45855831554318743,0.236161575398113,-0.1913434097882447,-14.134760716311952,0.29356853114898557,-2.703560830636623,1.0555958583924625,0.29997914824707395,-25.98664219884614,-4.554803884052245,8.947859073727088,-0.22129153431216797,-0.5580150077135957,9.531031392343271e-08,6.8792226456003185,6.879226154663602,6.879260350903208,6.879256838599375,0.001274873857488485,5.709766180128948e-05,0.0453670173192231,0.00287373537083175,0.0003319947370703449,0.058963337807196176,0.9911055592145658,0.00028084791809469383,0.05062969551263165
2.49973,11.257661482378152,1.1974052983587933,0.5142738453989615,0.8600209528189332,-0.05682903714995202,-0.45504025794427694,0.22376949385520628,-0.8220189785127515,-14.245302259464102,0.5107261026046829,-2.7089314038406687,1.042053268716825,0.29997915056018104,-26.297973595942704,-2.2968977091704423,8.926381895184038,-0.2172218457820729,-0.5637891947419628,0.00011472131995184575,6.879241549844797,6.87923906949911,6.879259700521089,6.879258280341897,0.0012169549833032645,5.791887418522066e-05,0.04537727095932002,0.00257684974885829,0.00029688562197345965,0.05655325478520543,0.990791153046788,0.00031440616777779246,0.0519866426324834
2.524,11.22997951544303,0.8508953505287893,0.5293014671040651,0.8625127479695565,-0.08955236813536142,-0.45110825951005445,0.21107693527936566,-1.4602503177913466,-14.301046178126184,0.7273624396627774,-2.7142032088734127,1.0283705440187334,0.2999819347572755,-26.49494224011809,-0.030165250783047708,8.789108875574684,-0.21355660733776705,-0.5670611968516843,0.0001536201105800927,6.879250229361925,6.879244467618035,6.879258532804046,6.879259071464177,0.001158125612865578,5.882937043768633e-05,0.045388782295712075,0.0023097609413422673,0.0002670888075160232,0.054568591514521814,0.9904360214010188,0.00035513164576921426,0.05377662268411467
2.54827,11.186744523264284,0.5036999406251227,0.5495519284460593,0.8638425091463394,-0.12218301407288411,-0.4467677269406633,0.19810610806949164,-2.1032619326721402,-14.3017782652711,0.9406672674381333,-2.7193860614234664,1.014608410377554,0.2999856629977256,-26.576565145265217,2.2337668504422887,8.536716262410504,-0.20988274904651213,-0.5693885425188449,0.00014460646738800339,6.879254648571687,6.879246438124133,6.8792562118561955,6.879259505683859,0.0010982926718097624,5.983294105581569e-05,0.045401639922741106,0.0020681266249268364,0.00024163431641543103,0.05295607431158678,0.9900308753021185,0.00040514609890023295,0.056135280168450555
2.57254,11.12787442690814,0.15715390852713837,0.5749104258882904,0.864006978646643,-0.154681216575511,-0.442023992797418,0.18487956425461916,-2.748254471895937,-14.24756648338636,1.147846723046082,-2.724479752293857,1.0007897938694836,0.2999891724840749,-26.542436557372625,4.483296036663658,8.170483712691437,-0.20563658402270443,-0.5713891476995863,9.718261766718916e-05,6.879257153750591,6.879245278470462,6.879251125364315,6.879259696435443,0.0010373586790320241,6.093399277773826e-05,0.045415944595410936,0.0018483672777786107,0.00021975934714822567,0.05165383501745986,0.9895634577489032,0.00046741755321522604,0.05920106286764917
2.59681,11.05335523394139,-0.18741297439813775,0.6051946983684787,0.8630046359981376,-0.18700733255472485,-0.436882550467336,0.17142022717628522,-3.3924187368696703,-14.138760380002648,1.3461379998807934,-2.729470392045877,0.9869226242316745,0.29999153103052345,-26.39273637136784,6.706885410500106,7.6922845197693075,-0.19973530945950732,-0.5732217666737357,2.7906339908134835e-05,6.8792586361658765,6.8792379865117494,6.879239999878331,6.8792597007169025,0.0009752210696929031,6.213760933912101e-05,0.045431809566017965,0.0016475091218261615,0.0002008581559524493,0.050603327073855085,0.9890172605749828,0.0005461971739203591,0.06305262505033339
2.62108,10.963241105134443,-0.5286828219401829,0.6401559560771404,0.8608357105879251,-0.2191216545005713,-0.431349112168697,0.1577514649089719,-4.032949894910068,-13.975989494165574,1.532823754707234,-2.734317812459944,0.9730109783585391,0.2999922082956606,-26.12822586764178,8.893097522132651,7.104585097718275,-0.1892269013412342,-0.5746983874347408,-1.5015920790857412e-05,6.8792594488919265,6.87921425104301,6.87921391751541,6.879259625905633,0.0009117714492957382,6.34496203971649e-05,0.045449360289285486,0.0014630637415412153,0.00018444538028494602,0.04975418909248185,0.9883695203651516,0.0006477402098313164,0.06760350582872485
2.64535,10.857654077345872,-0.865356400356228,0.6794801577979862,0.8575023775131865,-0.2509839655432099,-0.4254295336718392,0.14389730642358786,-4.66706158901609,-13.760160942920791,1.705246502239198,-2.7389102019925424,0.959063496049472,0.29999184387095684,-25.750191554613096,11.030556370206892,6.410453852713715,-0.15941375682487174,-0.575823763059151,-3.4757465924758023e-05,6.879259862524535,6.879125397227401,6.879123934341382,6.879259581392357,0.0008468947702475837,6.487667904815456e-05,0.045468732857284144,0.0012929348572000797,0.00017012888434113553,0.04906520368208734,0.987587977065745,0.0007815432994065134,0.07252326986278097
2.66961,10.736783461039725,-1.1961598432529241,0.7227896360657412,0.8530096301505758,-0.2825514185111827,-0.4191295097019782,0.12988349454069917,-5.2919986847441285,-13.492457930007609,1.8608232250187937,-2.7427790497251094,0.9450887017504017,0.2999910003343267,-25.25974599174565,13.10706875301502,5.613529174402985,0.04060263498537061,-0.5762689528853997,-5.538884133968653e-05,6.87926004452635,6.878468998351775,6.878466702951207,6.879259632346387,0.0007804684226115129,6.642634763607069e-05,0.0454900699431358,0.001135345429196907,0.00015758942800317289,0.048503522106012775,0.9866254026375014,0.0009625744282435426,0.07730399969901906
2.69388,10.60088514189135,-1.5198515338268146,0.7696450213304041,0.8473734125647818,-0.3137581398614293,-0.41245195910802845,0.11574762217472535,-5.905033048602347,-13.174359578675169,1.9970592064714268,-2.741793655393854,0.9311031030409458,0.29998965609028216,-24.545795412982468,14.987447142526015,4.691209571745366,20.547279666310235,-0.5238085982938128,-6.568170120409058e-05,6.879260065556839,6.810123099382418,6.81012061556702,6.8792598149192825,0.0007123612348585471,6.810718775296587e-05,0.04551351180700268,0.0009887801554310618,0.00014656527376584528,0.0480433289736753,0.9854098733638976,0.0012155292736037659,0.08146574072927326
2.71815,10.450315157630573,-1.8352580335785331,0.8195331914303172,0.8416468755492553,-0.34201271115249526,-0.4050881464163533,0.1027688497787163,-6.500740387912443,-12.810625908198851,2.110911209436155,-2.243127179358443,0.9183906762832323,0.29998806204654443,-23.955761561077885,16.68466525083059,3.9901838410747628,10.227925304573475,-0.4453045058606154,-7.214703834650444e-05,6.879259966573368,6.844529118855241,6.844526794649012,6.879260095366442,0.0006424328310453515,6.992840381319555e-05,0.045539170587385464,0.0008519408280674818,0.00013683932736357988,0.04766444627121402,0.9838263498460185,0.0015835235178791917,0.08472908820429634
2.74242,10.285459331731737,-2.141323571613408,0.8719720292658247,0.8366322530917941,-0.3661259796636998,-0.39700214503081277,0.091583499476555,-7.082128065133485,-12.405702075965042,2.2077498638505717,-1.99490339734862,0.9075834827127718,0.2999863110941092,-23.29377737531737,18.1533110129038,3.3498058295599553,5.112004300909636,-0.4061063623395049,-8.138329009739393e-05,6.879259758048712,6.861589336142081,6.861587211390594,6.879260400329089,0.0005705319423798595,7.190088866549209e-05,0.04556710477138234,0.0007237110684840208,0.000128229759583461,0.04735117501761409,0.9816788174868575,0.002147532359160999,0.08704611626607354
2.76669,10.106686808809906,-2.437121649673767,0.9265702830854794,0.8317750422004434,-0.3880687067503405,-0.38851940327287504,0.0812750373535616,-7.647449901695064,-11.965135354813038,2.2890470426283747,-1.8708390340065388,0.8977275975594956,0.2999843359850369,-22.564264952082066,19.46259695810625,2.7203845922748857,5.881344621540385,-0.377932440441433,-8.782293697771361e-05,6.879259406213173,6.859031295351974,6.859029589948988,6.879260686790044,0.0004964939633803388,7.40379789995207e-05,0.04559724479512518,0.0006031276255829249,0.00012058344290109581,0.047091431634584395,0.9786041550627873,0.0030746624240701372,0.08853237969610431
2.79096,9.914407784769516,-2.7218358542203607,0.9829548389207033,0.8269642805813263,-0.40840539118908703,-0.3797504217774709,0.07158723783008496,-8.195067039862176,-11.492793283394725,2.3550686581473865,-1.7281033802167045,0.8885554715498711,0.2999822045907497,-21.820744423425825,20.658384340100238,2.1291898591701854,4.906324803965271,-0.35015396455912556,-7.990725603519353e-05,6.879258831249545,6.862286833232037,6.86228622136852,6.879260936232733,0.0004201394477535495,7.635451562678923e-05,0.04562917895446697,0.0004893564731326606,0.00011377115245026443,0.04687620169962513,0.9738477581080146,0.004756396954772651,0.08938047972972592
2.81523,9.709056533023114,-2.994728842138049,1.0407659078551008,0.8222876144558127,-0.4271873424187818,-0.3707385811003509,0.06250566713118287,-8.72463951382525,-10.991430383450666,2.406742437894669,-1.609030698089833,0.8800575075170546,0.29998026530387456,-21.061734883161076,21.75010145015906,1.5687951439543362,3.577279123932131,-0.3280185821170978,-4.732387571899901e-05,6.879257870608052,6.866721224699033,6.866722888381399,6.879261143302193,0.0003412728437003009,7.886660405324861e-05,0.0456616316559466,0.0003816720472398471,0.0001076844258928134,0.046699480292124756,0.9655522574212556,0.008295500686758982,0.08979532054352506
2.8395,9.491075727668152,-3.2551279188782196,1.0996648207291786,0.8176857946146633,-0.444717294474484,-0.36154037758814134,0.05389828377681363,-9.235791417334823,-10.463572359434625,2.4448158743184627,-1.5222129196054555,0.872096751977884,0.29997911679026495,-20.1408040549859,22.496824535552342,1.0194605078618555,37.54566431258946,-0.2218537685284509,0.00011389358328749285,6.879256177642465,6.7534937542497575,6.753502758085557,6.879261309096433,0.00025968274966978053,8.15900940305204e-05,0.04569086179227449,0.0002794390562823064,0.00010223299095754074,0.04655933753044906,0.9476860068236991,0.017866250597556563,0.08995579317201739
2.86377,9.26096451624047,-3.5024828188696584,1.1593124770925298,0.8154303804445444,-0.4571128054651403,-0.3519472666428116,0.04747946114609804,-9.724593046831654,-9.917591947656573,2.469557386925909,-0.6110088859218279,0.8667125337872565,0.2999818808988352,-19.670745089215092,23.322670070909446,1.0141483059436625,0.013849276904882636,-0.12505295804465522,0.00015361126945596885,6.8792533153166735,6.878598936038801,6.878612270548578,6.879261427043288,0.00017515178794418713,8.453096172559337e-05,0.0457043491814584,0.00018209574764070982,9.734330864159657e-05,0.04646338537896298,0.8862997133621964,0.0613862934615027,0.08999626228326436
2.88804,9.019132242137353,-3.736333164391924,1.2195463369318766,0.8154915625592384,-0.46489566115200487,-0.3420430576206197,0.0430358265913997,-10.201986711293866,-9.351568907873544,2.4941699765297485,-0.610672774756654,0.8636775958821586,0.2999856089247181,-19.034945915924347,23.857296613744015,0.9876436438664886,-0.06981620567769148,-0.12333345847871667,0.0001217580827907085,6.879246614967618,6.878873764546353,6.878892769344661,6.879261479991112,8.753312450747438e-05,8.761866343671277e-05,0.04564436294833005,8.912590991313454e-05,9.296983772757527e-05,0.04646141417551646,0.0936194913261166,0.7926802220360798,0.0899999875220372
2.91231,8.76590076268825,-3.9562884021714497,1.280370429906487,0.8153911646020423,-0.4726008972160593,-0.3321080769042781,0.038598780997729856,-10.663950024957332,-8.772570898243414,2.518139318625831,-0.6123671596981576,0.860684388892443,0.2999885638985667,0.0,0.0,0.0,0.0,0.0,0.0,0,0,0,0,1.4359503287858718e-34,8.753312450747438e-05,0.045158860604092285,1.3663186108241637e-34,8.912590991313454e-05,0.04684392810524821,1.2242142294778038e-34,0.0936194913261166,0.08999839863824287
